
===== predecessor_v1 =====
argv: /usr/bin/env -i PATH=/usr/bin:/bin HOME=/thayerfs/home/f004ndc LANG=C.UTF-8 LC_ALL=C.UTF-8 PYTEST_DISABLE_PLUGIN_AUTOLOAD=1 /jumbo/lisp/f004ndc/experiments/wip/MSAE/.venv-atlas/bin/python -B -I -m pytest -q -p no:cacheprovider tests/test_msae_independent_measurement_v1.py
.....                                                                    [100%]
5 passed in 3.48s
exit_code=0

===== predecessor_v2 =====
argv: /usr/bin/env -i PATH=/usr/bin:/bin HOME=/thayerfs/home/f004ndc LANG=C.UTF-8 LC_ALL=C.UTF-8 PYTEST_DISABLE_PLUGIN_AUTOLOAD=1 /jumbo/lisp/f004ndc/experiments/wip/MSAE/.venv-atlas/bin/python -B -I -m pytest -q -p no:cacheprovider tests/test_msae_independent_measurement_v2.py
...............................................                          [100%]
47 passed in 0.35s
exit_code=0

===== predecessor_v3 =====
argv: /usr/bin/env -i PATH=/usr/bin:/bin HOME=/thayerfs/home/f004ndc LANG=C.UTF-8 LC_ALL=C.UTF-8 PYTEST_DISABLE_PLUGIN_AUTOLOAD=1 /jumbo/lisp/f004ndc/experiments/wip/MSAE/.venv-atlas/bin/python -B -I -m pytest -q -p no:cacheprovider tests/test_msae_independent_measurement_v3.py
........................................................................ [ 70%]
..............................                                           [100%]
102 passed in 1.75s
exit_code=0

===== predecessor_post_m1 =====
argv: /usr/bin/env -i PATH=/usr/bin:/bin HOME=/thayerfs/home/f004ndc LANG=C.UTF-8 LC_ALL=C.UTF-8 PYTEST_DISABLE_PLUGIN_AUTOLOAD=1 /jumbo/lisp/f004ndc/experiments/wip/MSAE/.venv-atlas/bin/python -B -I -m pytest -q -p no:cacheprovider tests/test_msae_independent_measurement_v3_post_m1.py
..........................                                               [100%]
26 passed in 6.16s
exit_code=0

===== predecessor_post_m2_runtime =====
argv: /usr/bin/env -i PATH=/usr/bin:/bin HOME=/thayerfs/home/f004ndc LANG=C.UTF-8 LC_ALL=C.UTF-8 PYTEST_DISABLE_PLUGIN_AUTOLOAD=1 /jumbo/lisp/f004ndc/experiments/wip/MSAE/.venv-atlas/bin/python -B -I -m pytest -q -p no:cacheprovider tests/test_msae_independent_measurement_v3_post_m2_runtime.py -k not\ failed_handoff_extinction_kills_real_processes_and_socket
..............F........................................................  [100%]
=================================== FAILURES ===================================
____________ test_persisted_m2_completion_round_trip_is_verifiable _____________

    def test_persisted_m2_completion_round_trip_is_verifiable():
        digest = "e593a6283aa5468ddbee1cc755dbe60c4ee503375a0cbce44c52614dd232d737"
        with runtime.base.quarantine_open_tripwire() as state:
            assert runtime.verify_m2_completion(digest)["status"] == \
>               "m2_support_and_maps_eligible_ready_for_independent_review_pin"

tests/test_msae_independent_measurement_v3_post_m2_runtime.py:138: 
_ _ _ _ _ _ _ _ _ _ _ _ _ _ _ _ _ _ _ _ _ _ _ _ _ _ _ _ _ _ _ _ _ _ _ _ _ _ _ _ 
scripts/msae_independent_measurement_v3_post_m1_runtime.py:1563: in verify_m2_completion
    expected = _m2_completion_payload()
scripts/msae_independent_measurement_v3_post_m1_runtime.py:1538: in _m2_completion_payload
    continuation.verify_m1_completion(M1_REVIEWED_COMPLETION_SHA256, allow_m2_recovery=True)
scripts/msae_independent_measurement_v3_post_m1.py:325: in verify_m1_completion
    base.verify_m0_completion(M0_COMPLETION_SHA256, projection_phase="M1")
scripts/msae_independent_measurement_v3.py:1784: in verify_m0_completion
    verify_baseline_projection(projection_phase)
_ _ _ _ _ _ _ _ _ _ _ _ _ _ _ _ _ _ _ _ _ _ _ _ _ _ _ _ _ _ _ _ _ _ _ _ _ _ _ _ 

phase = 'M1'

    def verify_baseline_projection(phase: str = "M4") -> dict[str, int]:
        baseline = read_json(V3_DATA / "data_baseline_manifest.json")
        if (baseline.get("schema_version") != "msae_v3_data_baseline_manifest_v1"
                or baseline.get("protocol_id") != PROTOCOL
                or baseline.get("v3_root_absent_at_snapshot") is not True
                or baseline.get("quarantined_paths") != sorted(QUARANTINED)
                or not isinstance(baseline.get("entries"), list)):
            raise ValueError("baseline manifest semantic mismatch")
        baseline_paths = {entry["path"] for entry in baseline["entries"]}
        if len(baseline_paths) != len(baseline["entries"]):
            raise ValueError("duplicate baseline path")
        expected_v3 = {str((V3_DATA / name).relative_to(ROOT)) for name in _phase_data_names(phase)}
        expected_paths = baseline_paths | {str(V3_DATA.relative_to(ROOT))} | expected_v3
        observed_paths = _enumerate_data_paths()
        if observed_paths != expected_paths:
            raise ValueError(f"closed data projection mismatch for {phase}: "
                             f"missing={sorted(expected_paths-observed_paths)}, extra={sorted(observed_paths-expected_paths)}")
        root_stat = V3_DATA.lstat()
        if not stat.S_ISDIR(root_stat.st_mode) or stat.S_ISLNK(root_stat.st_mode):
            raise ValueError("v3 data root is not a real directory")
        for name in _phase_data_names(phase):
            path = V3_DATA / name
            st = path.lstat()
            if not stat.S_ISREG(st.st_mode) or stat.S_ISLNK(st.st_mode):
                raise ValueError(f"declared v3 data output is not a regular file: {name}")
        checked = 0
        lstat_only = 0
        for entry in baseline["entries"]:
            path = ROOT / entry["path"]
            st = path.lstat()
            if entry["type"] == "directory":
                if not stat.S_ISDIR(st.st_mode) or stat.S_IMODE(st.st_mode) != entry["mode"]:
                    raise ValueError(f"baseline directory drift: {entry['path']}")
            elif entry["path"] in QUARANTINED:
                current = _quarantine_entry(entry["path"])
                expected_sha, expected_size = QUARANTINED[entry["path"]]
                if (entry.get("type") != "regular"
                        or entry.get("verification_action") != "lstat_only_against_frozen_v1_evidence"
                        or entry.get("sha256") != expected_sha or entry.get("size") != expected_size):
                    raise ValueError(f"quarantine baseline semantics drift: {entry['path']}")
                for key in ("type", "mode", "size", "device", "inode", "nlink", "ctime_ns", "mtime_ns"):
                    if current[key] != entry.get(key):
>                       raise ValueError(f"quarantine baseline metadata drift: {entry['path']}:{key}")
E                       ValueError: quarantine baseline metadata drift: data/atlas_v1/private/final.jsonl:device

scripts/msae_independent_measurement_v3.py:3310: ValueError
=========================== short test summary info ============================
FAILED tests/test_msae_independent_measurement_v3_post_m2_runtime.py::test_persisted_m2_completion_round_trip_is_verifiable
1 failed, 70 passed, 1 deselected in 186.61s (0:03:06)
exit_code=1

===== predecessor_remediation_v1 =====
argv: /usr/bin/env -i PATH=/usr/bin:/bin HOME=/thayerfs/home/f004ndc LANG=C.UTF-8 LC_ALL=C.UTF-8 PYTEST_DISABLE_PLUGIN_AUTOLOAD=1 /jumbo/lisp/f004ndc/experiments/wip/MSAE/.venv-atlas/bin/python -B -I -m pytest -q -p no:cacheprovider tests/test_msae_measurement_remediation_v1.py
..................................................                       [100%]
50 passed in 0.41s
exit_code=0

===== predecessor_gen4 =====
argv: /usr/bin/env -i PATH=/usr/bin:/bin HOME=/thayerfs/home/f004ndc LANG=C.UTF-8 LC_ALL=C.UTF-8 PYTEST_DISABLE_PLUGIN_AUTOLOAD=1 /jumbo/lisp/f004ndc/experiments/wip/MSAE/.venv-atlas/bin/python -B -I -m pytest -q -p no:cacheprovider tests/test_msae_independent_measurement_v3_post_m4_gen4.py -k not\ failed_handoff_extinction_kills_real_processes_and_socket
....................................F...............F................... [ 56%]
.................................................FF....                  [100%]
=================================== FAILURES ===================================
____ test_gen2_failure_payload_records_only_independently_reproduced_claims ____

    def test_gen2_failure_payload_records_only_independently_reproduced_claims():
        before = runtime.GEN2_FAILURE_PATH.exists()
>       value = runtime._gen2_failure_payload()

tests/test_msae_independent_measurement_v3_post_m4_gen4.py:593: 
_ _ _ _ _ _ _ _ _ _ _ _ _ _ _ _ _ _ _ _ _ _ _ _ _ _ _ _ _ _ _ _ _ _ _ _ _ _ _ _ 
scripts/msae_independent_measurement_v3_post_m2_gen4_runtime.py:3670: in _gen2_failure_payload
    predecessor_runtime.verify_m2_completion(M2_REVIEWED_COMPLETION_SHA256)
scripts/msae_independent_measurement_v3_post_m1_runtime.py:1563: in verify_m2_completion
    expected = _m2_completion_payload()
scripts/msae_independent_measurement_v3_post_m1_runtime.py:1538: in _m2_completion_payload
    continuation.verify_m1_completion(M1_REVIEWED_COMPLETION_SHA256, allow_m2_recovery=True)
scripts/msae_independent_measurement_v3_post_m1.py:325: in verify_m1_completion
    base.verify_m0_completion(M0_COMPLETION_SHA256, projection_phase="M1")
scripts/msae_independent_measurement_v3.py:1784: in verify_m0_completion
    verify_baseline_projection(projection_phase)
_ _ _ _ _ _ _ _ _ _ _ _ _ _ _ _ _ _ _ _ _ _ _ _ _ _ _ _ _ _ _ _ _ _ _ _ _ _ _ _ 

phase = 'M1'

    def verify_baseline_projection(phase: str = "M4") -> dict[str, int]:
        baseline = read_json(V3_DATA / "data_baseline_manifest.json")
        if (baseline.get("schema_version") != "msae_v3_data_baseline_manifest_v1"
                or baseline.get("protocol_id") != PROTOCOL
                or baseline.get("v3_root_absent_at_snapshot") is not True
                or baseline.get("quarantined_paths") != sorted(QUARANTINED)
                or not isinstance(baseline.get("entries"), list)):
            raise ValueError("baseline manifest semantic mismatch")
        baseline_paths = {entry["path"] for entry in baseline["entries"]}
        if len(baseline_paths) != len(baseline["entries"]):
            raise ValueError("duplicate baseline path")
        expected_v3 = {str((V3_DATA / name).relative_to(ROOT)) for name in _phase_data_names(phase)}
        expected_paths = baseline_paths | {str(V3_DATA.relative_to(ROOT))} | expected_v3
        observed_paths = _enumerate_data_paths()
        if observed_paths != expected_paths:
            raise ValueError(f"closed data projection mismatch for {phase}: "
                             f"missing={sorted(expected_paths-observed_paths)}, extra={sorted(observed_paths-expected_paths)}")
        root_stat = V3_DATA.lstat()
        if not stat.S_ISDIR(root_stat.st_mode) or stat.S_ISLNK(root_stat.st_mode):
            raise ValueError("v3 data root is not a real directory")
        for name in _phase_data_names(phase):
            path = V3_DATA / name
            st = path.lstat()
            if not stat.S_ISREG(st.st_mode) or stat.S_ISLNK(st.st_mode):
                raise ValueError(f"declared v3 data output is not a regular file: {name}")
        checked = 0
        lstat_only = 0
        for entry in baseline["entries"]:
            path = ROOT / entry["path"]
            st = path.lstat()
            if entry["type"] == "directory":
                if not stat.S_ISDIR(st.st_mode) or stat.S_IMODE(st.st_mode) != entry["mode"]:
                    raise ValueError(f"baseline directory drift: {entry['path']}")
            elif entry["path"] in QUARANTINED:
                current = _quarantine_entry(entry["path"])
                expected_sha, expected_size = QUARANTINED[entry["path"]]
                if (entry.get("type") != "regular"
                        or entry.get("verification_action") != "lstat_only_against_frozen_v1_evidence"
                        or entry.get("sha256") != expected_sha or entry.get("size") != expected_size):
                    raise ValueError(f"quarantine baseline semantics drift: {entry['path']}")
                for key in ("type", "mode", "size", "device", "inode", "nlink", "ctime_ns", "mtime_ns"):
                    if current[key] != entry.get(key):
>                       raise ValueError(f"quarantine baseline metadata drift: {entry['path']}:{key}")
E                       ValueError: quarantine baseline metadata drift: data/atlas_v1/private/final.jsonl:device

scripts/msae_independent_measurement_v3.py:3310: ValueError
____________ test_persisted_m2_completion_round_trip_is_verifiable _____________

    def test_persisted_m2_completion_round_trip_is_verifiable():
        digest = "e593a6283aa5468ddbee1cc755dbe60c4ee503375a0cbce44c52614dd232d737"
        with runtime.base.quarantine_open_tripwire() as state:
            assert runtime.verify_m2_completion(digest)["status"] == \
>               "m2_support_and_maps_eligible_ready_for_independent_review_pin"

tests/test_msae_independent_measurement_v3_post_m4_gen4.py:925: 
_ _ _ _ _ _ _ _ _ _ _ _ _ _ _ _ _ _ _ _ _ _ _ _ _ _ _ _ _ _ _ _ _ _ _ _ _ _ _ _ 
scripts/msae_independent_measurement_v3_post_m2_gen4_runtime.py:2993: in verify_m2_completion
    return predecessor_runtime.verify_m2_completion(reviewed_sha256)
scripts/msae_independent_measurement_v3_post_m1_runtime.py:1563: in verify_m2_completion
    expected = _m2_completion_payload()
scripts/msae_independent_measurement_v3_post_m1_runtime.py:1538: in _m2_completion_payload
    continuation.verify_m1_completion(M1_REVIEWED_COMPLETION_SHA256, allow_m2_recovery=True)
scripts/msae_independent_measurement_v3_post_m1.py:325: in verify_m1_completion
    base.verify_m0_completion(M0_COMPLETION_SHA256, projection_phase="M1")
scripts/msae_independent_measurement_v3.py:1784: in verify_m0_completion
    verify_baseline_projection(projection_phase)
_ _ _ _ _ _ _ _ _ _ _ _ _ _ _ _ _ _ _ _ _ _ _ _ _ _ _ _ _ _ _ _ _ _ _ _ _ _ _ _ 

phase = 'M1'

    def verify_baseline_projection(phase: str = "M4") -> dict[str, int]:
        baseline = read_json(V3_DATA / "data_baseline_manifest.json")
        if (baseline.get("schema_version") != "msae_v3_data_baseline_manifest_v1"
                or baseline.get("protocol_id") != PROTOCOL
                or baseline.get("v3_root_absent_at_snapshot") is not True
                or baseline.get("quarantined_paths") != sorted(QUARANTINED)
                or not isinstance(baseline.get("entries"), list)):
            raise ValueError("baseline manifest semantic mismatch")
        baseline_paths = {entry["path"] for entry in baseline["entries"]}
        if len(baseline_paths) != len(baseline["entries"]):
            raise ValueError("duplicate baseline path")
        expected_v3 = {str((V3_DATA / name).relative_to(ROOT)) for name in _phase_data_names(phase)}
        expected_paths = baseline_paths | {str(V3_DATA.relative_to(ROOT))} | expected_v3
        observed_paths = _enumerate_data_paths()
        if observed_paths != expected_paths:
            raise ValueError(f"closed data projection mismatch for {phase}: "
                             f"missing={sorted(expected_paths-observed_paths)}, extra={sorted(observed_paths-expected_paths)}")
        root_stat = V3_DATA.lstat()
        if not stat.S_ISDIR(root_stat.st_mode) or stat.S_ISLNK(root_stat.st_mode):
            raise ValueError("v3 data root is not a real directory")
        for name in _phase_data_names(phase):
            path = V3_DATA / name
            st = path.lstat()
            if not stat.S_ISREG(st.st_mode) or stat.S_ISLNK(st.st_mode):
                raise ValueError(f"declared v3 data output is not a regular file: {name}")
        checked = 0
        lstat_only = 0
        for entry in baseline["entries"]:
            path = ROOT / entry["path"]
            st = path.lstat()
            if entry["type"] == "directory":
                if not stat.S_ISDIR(st.st_mode) or stat.S_IMODE(st.st_mode) != entry["mode"]:
                    raise ValueError(f"baseline directory drift: {entry['path']}")
            elif entry["path"] in QUARANTINED:
                current = _quarantine_entry(entry["path"])
                expected_sha, expected_size = QUARANTINED[entry["path"]]
                if (entry.get("type") != "regular"
                        or entry.get("verification_action") != "lstat_only_against_frozen_v1_evidence"
                        or entry.get("sha256") != expected_sha or entry.get("size") != expected_size):
                    raise ValueError(f"quarantine baseline semantics drift: {entry['path']}")
                for key in ("type", "mode", "size", "device", "inode", "nlink", "ctime_ns", "mtime_ns"):
                    if current[key] != entry.get(key):
>                       raise ValueError(f"quarantine baseline metadata drift: {entry['path']}:{key}")
E                       ValueError: quarantine baseline metadata drift: data/atlas_v1/private/final.jsonl:device

scripts/msae_independent_measurement_v3.py:3310: ValueError
__ test_gen4_terminal_payload_preserves_two_failed_gen3_invocations_honestly ___

    def test_gen4_terminal_payload_preserves_two_failed_gen3_invocations_honestly():
>       value = runtime._gen3_terminal_payload()

tests/test_msae_independent_measurement_v3_post_m4_gen4.py:2338: 
_ _ _ _ _ _ _ _ _ _ _ _ _ _ _ _ _ _ _ _ _ _ _ _ _ _ _ _ _ _ _ _ _ _ _ _ _ _ _ _ 
scripts/msae_independent_measurement_v3_post_m2_gen4_runtime.py:3526: in _gen3_terminal_payload
    "mechanically_reproduced_source_control_flow": _gen3_control_flow_reproduction(),
scripts/msae_independent_measurement_v3_post_m2_gen4_runtime.py:3429: in _gen3_control_flow_reproduction
    preflight = _verify_historical_preflight_readonly()
_ _ _ _ _ _ _ _ _ _ _ _ _ _ _ _ _ _ _ _ _ _ _ _ _ _ _ _ _ _ _ _ _ _ _ _ _ _ _ _ 

    def _verify_historical_preflight_readonly() -> dict[str, Any]:
        raw = _regular_bytes(PREFLIGHT_FAILURE_PATH, mode=0o644)
        if base.sha_bytes(raw) != HISTORICAL_PREFLIGHT_SHA256:
            raise ValueError("historical preflight digest drift")
        value = base.strict_json_loads(raw.decode("utf-8"))
        if raw != base.canonical_bytes(value):
            raise ValueError("historical preflight canonical bytes drift")
        expected_top = {
            "schema_version", "protocol_id", "generation", "status",
            "reviewed_m2_completion_sha256", "config_entry", "commitment_entry",
            "public_key_entry", "private_key_lstat", "bound_runtime_sha256",
            "failure", "stage_a", "authorization_signature", "model_gpu_tmux",
            "successor_generation",
        }
        if (set(value) != expected_top
                or value.get("generation") != "post_m2_gen1_failed_preflight"
                or value.get("successor_generation") != "post_m2_gen2"
                or value.get("stage_a") != "not_run"
                or value.get("authorization_signature") != "not_created"
                or value.get("model_gpu_tmux") != "not_run"):
            raise ValueError("historical preflight semantics drift")
        for key, expected_path, expected_sha in (
            ("config_entry", V3_CONFIG / "protocol.json", FAILED_M3_CONFIG_SHA256),
            ("commitment_entry", V3_CONFIG / "authorization_commitment.json", FAILED_M3_COMMITMENT_SHA256),
            ("public_key_entry", V3_CONFIG / "ed25519_public.pem", FAILED_M3_PUBLIC_SHA256),
        ):
            entry = value[key]
            current = _regular_entry(expected_path)
            historical_projection = {key: current[key] for key in (
                "path", "type", "mode", "size", "sha256", "verification_action")}
            if (entry.get("path") != expected_path.relative_to(ROOT).as_posix()
                    or entry.get("sha256") != expected_sha
                    or historical_projection != entry):
                raise ValueError(f"historical preflight {key} drift")
        private = value["private_key_lstat"]
        private_path = Path(private["path"])
        st = private_path.lstat()
        observed = {"path": str(private_path), "device": st.st_dev, "inode": st.st_ino,
                    "uid": st.st_uid, "mode": stat.S_IMODE(st.st_mode),
                    "size": st.st_size, "nlink": st.st_nlink, "content_read": False}
        if private != observed:
>           raise ValueError("historical preflight private-key lstat drift")
E           ValueError: historical preflight private-key lstat drift

scripts/msae_independent_measurement_v3_post_m2_gen4_runtime.py:3397: ValueError
_____ test_historical_preflight_verification_has_no_write_or_fsync_surface _____

monkeypatch = <_pytest.monkeypatch.MonkeyPatch object at 0x716dfaa22000>

    def test_historical_preflight_verification_has_no_write_or_fsync_surface(monkeypatch):
        def forbidden(*_args, **_kwargs):
            raise AssertionError("read-only preflight attempted a write/fsync")
        monkeypatch.setattr(runtime.base, "write_once", forbidden)
        monkeypatch.setattr(runtime.base, "install_json", forbidden)
        monkeypatch.setattr(runtime.os, "fsync", forbidden)
>       value = runtime._verify_historical_preflight_readonly()

tests/test_msae_independent_measurement_v3_post_m4_gen4.py:2361: 
_ _ _ _ _ _ _ _ _ _ _ _ _ _ _ _ _ _ _ _ _ _ _ _ _ _ _ _ _ _ _ _ _ _ _ _ _ _ _ _ 

    def _verify_historical_preflight_readonly() -> dict[str, Any]:
        raw = _regular_bytes(PREFLIGHT_FAILURE_PATH, mode=0o644)
        if base.sha_bytes(raw) != HISTORICAL_PREFLIGHT_SHA256:
            raise ValueError("historical preflight digest drift")
        value = base.strict_json_loads(raw.decode("utf-8"))
        if raw != base.canonical_bytes(value):
            raise ValueError("historical preflight canonical bytes drift")
        expected_top = {
            "schema_version", "protocol_id", "generation", "status",
            "reviewed_m2_completion_sha256", "config_entry", "commitment_entry",
            "public_key_entry", "private_key_lstat", "bound_runtime_sha256",
            "failure", "stage_a", "authorization_signature", "model_gpu_tmux",
            "successor_generation",
        }
        if (set(value) != expected_top
                or value.get("generation") != "post_m2_gen1_failed_preflight"
                or value.get("successor_generation") != "post_m2_gen2"
                or value.get("stage_a") != "not_run"
                or value.get("authorization_signature") != "not_created"
                or value.get("model_gpu_tmux") != "not_run"):
            raise ValueError("historical preflight semantics drift")
        for key, expected_path, expected_sha in (
            ("config_entry", V3_CONFIG / "protocol.json", FAILED_M3_CONFIG_SHA256),
            ("commitment_entry", V3_CONFIG / "authorization_commitment.json", FAILED_M3_COMMITMENT_SHA256),
            ("public_key_entry", V3_CONFIG / "ed25519_public.pem", FAILED_M3_PUBLIC_SHA256),
        ):
            entry = value[key]
            current = _regular_entry(expected_path)
            historical_projection = {key: current[key] for key in (
                "path", "type", "mode", "size", "sha256", "verification_action")}
            if (entry.get("path") != expected_path.relative_to(ROOT).as_posix()
                    or entry.get("sha256") != expected_sha
                    or historical_projection != entry):
                raise ValueError(f"historical preflight {key} drift")
        private = value["private_key_lstat"]
        private_path = Path(private["path"])
        st = private_path.lstat()
        observed = {"path": str(private_path), "device": st.st_dev, "inode": st.st_ino,
                    "uid": st.st_uid, "mode": stat.S_IMODE(st.st_mode),
                    "size": st.st_size, "nlink": st.st_nlink, "content_read": False}
        if private != observed:
>           raise ValueError("historical preflight private-key lstat drift")
E           ValueError: historical preflight private-key lstat drift

scripts/msae_independent_measurement_v3_post_m2_gen4_runtime.py:3397: ValueError
=========================== short test summary info ============================
FAILED tests/test_msae_independent_measurement_v3_post_m4_gen4.py::test_gen2_failure_payload_records_only_independently_reproduced_claims
FAILED tests/test_msae_independent_measurement_v3_post_m4_gen4.py::test_persisted_m2_completion_round_trip_is_verifiable
FAILED tests/test_msae_independent_measurement_v3_post_m4_gen4.py::test_gen4_terminal_payload_preserves_two_failed_gen3_invocations_honestly
FAILED tests/test_msae_independent_measurement_v3_post_m4_gen4.py::test_historical_preflight_verification_has_no_write_or_fsync_surface
4 failed, 123 passed, 1 deselected in 207.44s (0:03:27)
exit_code=1

===== gen9_cpu =====
argv: /usr/bin/env -i PATH=/usr/bin:/bin HOME=/thayerfs/home/f004ndc LANG=C.UTF-8 LC_ALL=C.UTF-8 PYTEST_DISABLE_PLUGIN_AUTOLOAD=1 /jumbo/lisp/f004ndc/experiments/wip/MSAE/.venv-atlas/bin/python -B -I -m pytest -q -p no:cacheprovider tests/test_msae_independent_measurement_v3_post_m9_gen9.py -k not\ failed_handoff_extinction_kills_real_processes_and_socket
FF.FF.FFF..........................................FFFF.............F... [ 38%]
...........FFFFFFFF.F..................................F................ [ 77%]
.............................FF..........                                [100%]
=================================== FAILURES ===================================
______ test_gen9_reviewed_authority_constants_and_public_entry_are_exact _______

    def test_gen9_reviewed_authority_constants_and_public_entry_are_exact():
>       assert runtime.FROZEN_PLAN_SHA256 == \
            "7bd04a1c466d6a7e5cd6e570eece4e9a19395bf90d5b1e7cf2e4486616c2dfb4"
E       AssertionError: assert '135f313fdad7...e43b7f5690a30' == '7bd04a1c466d...4486616c2dfb4'
E         - 7bd04a1c466d6a7e5cd6e570eece4e9a19395bf90d5b1e7cf2e4486616c2dfb4
E         + 135f313fdad7299a69b8b04268f4168e168a1be30ba5e80d408e43b7f5690a30

tests/test_msae_independent_measurement_v3_post_m9_gen9.py:51: AssertionError
_ test_gen9_changed_region_manifest_is_structural_and_rejects_unregistered_drift _

tmp_path = PosixPath('/tmp/pytest-of-f004ndc/pytest-5/test_gen9_changed_region_manif0')

    def test_gen9_changed_region_manifest_is_structural_and_rejects_unregistered_drift(
            tmp_path):
>       manifest = runtime._gen7_to_gen9_change_manifest()

tests/test_msae_independent_measurement_v3_post_m9_gen9.py:78: 
_ _ _ _ _ _ _ _ _ _ _ _ _ _ _ _ _ _ _ _ _ _ _ _ _ _ _ _ _ _ _ _ _ _ _ _ _ _ _ _ 
scripts/msae_independent_measurement_v3_post_m2_gen9_runtime.py:4579: in _gen7_to_gen9_change_manifest
    changed_rows.extend(_gen9_changed_region_rows(
_ _ _ _ _ _ _ _ _ _ _ _ _ _ _ _ _ _ _ _ _ _ _ _ _ _ _ _ _ _ _ _ _ _ _ _ _ _ _ _ 

path = 'scripts/msae_independent_measurement_v3_post_m2_gen9_runtime.py'
baseline = b'#!/usr/bin/env python3\n"""Post-gen2 failure preservation and gen9 calibration runtime for MSAE v3.\n\nAll commands ...ity, args.intent_sha256)\n    elif args.command == "internal-tmux-test-role":\n        internal_tmux_test_role(args)\n'
candidate = b'#!/usr/bin/env python3\n"""Post-gen2 failure preservation and gen9 calibration runtime for MSAE v3.\n\nAll commands ...ity, args.intent_sha256)\n    elif args.command == "internal-tmux-test-role":\n        internal_tmux_test_role(args)\n'

    def _gen9_changed_region_rows(
            path: str, baseline: bytes, candidate: bytes, *,
            allowed_assignments: Mapping[str, str] | set[str],
            allowed_definitions: Mapping[str, str] | set[str]) -> list[dict[str, Any]]:
        """Prove every byte drift belongs to one reviewed top-level AST node."""
        assignment_regions = (dict(allowed_assignments)
                              if isinstance(allowed_assignments, Mapping)
                              else {name: "R9_CONSTANTS" for name in allowed_assignments})
        definition_regions = (dict(allowed_definitions)
                              if isinstance(allowed_definitions, Mapping)
                              else {name: "R9_CHANGE_POLICY" for name in allowed_definitions})
        old_rows = _normalized_top_level_node(baseline)
        new_rows = _normalized_top_level_node(candidate)
        old_map = {(row["node_kind"], row["qualified_name"], row["occurrence"]): row
                   for row in old_rows}
        new_map = {(row["node_kind"], row["qualified_name"], row["occurrence"]): row
                   for row in new_rows}
    
        def allowed(row: Mapping[str, Any]) -> str | None:
            if row["node_kind"] == "assignment":
                return assignment_regions.get(str(row["qualified_name"]))
            if row["node_kind"] in {"function", "async_function"}:
                return definition_regions.get(str(row["qualified_name"]))
            return None
    
        spans_old: list[tuple[int, int, bytes]] = []
        spans_new: list[tuple[int, int, bytes]] = []
        result: list[dict[str, Any]] = []
        keys = list(dict.fromkeys([*old_map, *new_map]))
        for key in keys:
            left = old_map.get(key)
            right = new_map.get(key)
            if left is not None and right is not None and left["raw"] == right["raw"]:
                continue
            reference = right if right is not None else left
            assert reference is not None
            region = allowed(reference)
            if region is None:
>               raise ValueError(
                    f"{path} changed outside allowed top-level nodes: "
                    f"{reference['node_kind']}:{reference['qualified_name']}")
E               ValueError: scripts/msae_independent_measurement_v3_post_m2_gen9_runtime.py changed outside allowed top-level nodes: function:_failed_gen7_entries

scripts/msae_independent_measurement_v3_post_m2_gen9_runtime.py:4465: ValueError
____ test_changed_regions_descriptor_embeds_exact_reconstructable_manifest _____

    def test_changed_regions_descriptor_embeds_exact_reconstructable_manifest():
>       manifest = runtime._gen7_to_gen9_change_manifest()

tests/test_msae_independent_measurement_v3_post_m9_gen9.py:141: 
_ _ _ _ _ _ _ _ _ _ _ _ _ _ _ _ _ _ _ _ _ _ _ _ _ _ _ _ _ _ _ _ _ _ _ _ _ _ _ _ 
scripts/msae_independent_measurement_v3_post_m2_gen9_runtime.py:4579: in _gen7_to_gen9_change_manifest
    changed_rows.extend(_gen9_changed_region_rows(
_ _ _ _ _ _ _ _ _ _ _ _ _ _ _ _ _ _ _ _ _ _ _ _ _ _ _ _ _ _ _ _ _ _ _ _ _ _ _ _ 

path = 'scripts/msae_independent_measurement_v3_post_m2_gen9_runtime.py'
baseline = b'#!/usr/bin/env python3\n"""Post-gen2 failure preservation and gen9 calibration runtime for MSAE v3.\n\nAll commands ...ity, args.intent_sha256)\n    elif args.command == "internal-tmux-test-role":\n        internal_tmux_test_role(args)\n'
candidate = b'#!/usr/bin/env python3\n"""Post-gen2 failure preservation and gen9 calibration runtime for MSAE v3.\n\nAll commands ...ity, args.intent_sha256)\n    elif args.command == "internal-tmux-test-role":\n        internal_tmux_test_role(args)\n'

    def _gen9_changed_region_rows(
            path: str, baseline: bytes, candidate: bytes, *,
            allowed_assignments: Mapping[str, str] | set[str],
            allowed_definitions: Mapping[str, str] | set[str]) -> list[dict[str, Any]]:
        """Prove every byte drift belongs to one reviewed top-level AST node."""
        assignment_regions = (dict(allowed_assignments)
                              if isinstance(allowed_assignments, Mapping)
                              else {name: "R9_CONSTANTS" for name in allowed_assignments})
        definition_regions = (dict(allowed_definitions)
                              if isinstance(allowed_definitions, Mapping)
                              else {name: "R9_CHANGE_POLICY" for name in allowed_definitions})
        old_rows = _normalized_top_level_node(baseline)
        new_rows = _normalized_top_level_node(candidate)
        old_map = {(row["node_kind"], row["qualified_name"], row["occurrence"]): row
                   for row in old_rows}
        new_map = {(row["node_kind"], row["qualified_name"], row["occurrence"]): row
                   for row in new_rows}
    
        def allowed(row: Mapping[str, Any]) -> str | None:
            if row["node_kind"] == "assignment":
                return assignment_regions.get(str(row["qualified_name"]))
            if row["node_kind"] in {"function", "async_function"}:
                return definition_regions.get(str(row["qualified_name"]))
            return None
    
        spans_old: list[tuple[int, int, bytes]] = []
        spans_new: list[tuple[int, int, bytes]] = []
        result: list[dict[str, Any]] = []
        keys = list(dict.fromkeys([*old_map, *new_map]))
        for key in keys:
            left = old_map.get(key)
            right = new_map.get(key)
            if left is not None and right is not None and left["raw"] == right["raw"]:
                continue
            reference = right if right is not None else left
            assert reference is not None
            region = allowed(reference)
            if region is None:
>               raise ValueError(
                    f"{path} changed outside allowed top-level nodes: "
                    f"{reference['node_kind']}:{reference['qualified_name']}")
E               ValueError: scripts/msae_independent_measurement_v3_post_m2_gen9_runtime.py changed outside allowed top-level nodes: function:_failed_gen7_entries

scripts/msae_independent_measurement_v3_post_m2_gen9_runtime.py:4465: ValueError
__ test_changed_regions_publisher_round_trip_uses_recoverable_nfs_transaction __

monkeypatch = <_pytest.monkeypatch.MonkeyPatch object at 0x7586e1f56cf0>

    def test_changed_regions_publisher_round_trip_uses_recoverable_nfs_transaction(
            monkeypatch):
        root = runtime.NFS_PUBLISHER_TEST_ROOT
        assert not (root.exists() or root.is_symlink())
        root.mkdir(mode=0o700); root.chmod(0o700)
        runtime.base._fsync_directory(root.parent)
        analysis = root / "analysis"
        manifest_path = analysis / "changed_regions.json"
        transaction = analysis / ".changed_regions_transaction"
        monkeypatch.setattr(runtime, "CONTAINMENT_ANALYSIS_ROOT", analysis)
        monkeypatch.setattr(runtime, "CAPABILITY_ANALYSIS_ROOT", analysis)
        monkeypatch.setattr(runtime, "CHANGE_MANIFEST", manifest_path)
        monkeypatch.setattr(runtime, "CHANGE_MANIFEST_TRANSACTION", transaction)
        try:
>           manifest = runtime._gen7_to_gen9_change_manifest()

tests/test_msae_independent_measurement_v3_post_m9_gen9.py:175: 
_ _ _ _ _ _ _ _ _ _ _ _ _ _ _ _ _ _ _ _ _ _ _ _ _ _ _ _ _ _ _ _ _ _ _ _ _ _ _ _ 
scripts/msae_independent_measurement_v3_post_m2_gen9_runtime.py:4579: in _gen7_to_gen9_change_manifest
    changed_rows.extend(_gen9_changed_region_rows(
_ _ _ _ _ _ _ _ _ _ _ _ _ _ _ _ _ _ _ _ _ _ _ _ _ _ _ _ _ _ _ _ _ _ _ _ _ _ _ _ 

path = 'scripts/msae_independent_measurement_v3_post_m2_gen9_runtime.py'
baseline = b'#!/usr/bin/env python3\n"""Post-gen2 failure preservation and gen9 calibration runtime for MSAE v3.\n\nAll commands ...ity, args.intent_sha256)\n    elif args.command == "internal-tmux-test-role":\n        internal_tmux_test_role(args)\n'
candidate = b'#!/usr/bin/env python3\n"""Post-gen2 failure preservation and gen9 calibration runtime for MSAE v3.\n\nAll commands ...ity, args.intent_sha256)\n    elif args.command == "internal-tmux-test-role":\n        internal_tmux_test_role(args)\n'

    def _gen9_changed_region_rows(
            path: str, baseline: bytes, candidate: bytes, *,
            allowed_assignments: Mapping[str, str] | set[str],
            allowed_definitions: Mapping[str, str] | set[str]) -> list[dict[str, Any]]:
        """Prove every byte drift belongs to one reviewed top-level AST node."""
        assignment_regions = (dict(allowed_assignments)
                              if isinstance(allowed_assignments, Mapping)
                              else {name: "R9_CONSTANTS" for name in allowed_assignments})
        definition_regions = (dict(allowed_definitions)
                              if isinstance(allowed_definitions, Mapping)
                              else {name: "R9_CHANGE_POLICY" for name in allowed_definitions})
        old_rows = _normalized_top_level_node(baseline)
        new_rows = _normalized_top_level_node(candidate)
        old_map = {(row["node_kind"], row["qualified_name"], row["occurrence"]): row
                   for row in old_rows}
        new_map = {(row["node_kind"], row["qualified_name"], row["occurrence"]): row
                   for row in new_rows}
    
        def allowed(row: Mapping[str, Any]) -> str | None:
            if row["node_kind"] == "assignment":
                return assignment_regions.get(str(row["qualified_name"]))
            if row["node_kind"] in {"function", "async_function"}:
                return definition_regions.get(str(row["qualified_name"]))
            return None
    
        spans_old: list[tuple[int, int, bytes]] = []
        spans_new: list[tuple[int, int, bytes]] = []
        result: list[dict[str, Any]] = []
        keys = list(dict.fromkeys([*old_map, *new_map]))
        for key in keys:
            left = old_map.get(key)
            right = new_map.get(key)
            if left is not None and right is not None and left["raw"] == right["raw"]:
                continue
            reference = right if right is not None else left
            assert reference is not None
            region = allowed(reference)
            if region is None:
>               raise ValueError(
                    f"{path} changed outside allowed top-level nodes: "
                    f"{reference['node_kind']}:{reference['qualified_name']}")
E               ValueError: scripts/msae_independent_measurement_v3_post_m2_gen9_runtime.py changed outside allowed top-level nodes: function:_failed_gen7_entries

scripts/msae_independent_measurement_v3_post_m2_gen9_runtime.py:4465: ValueError
___ test_failed_gen7_payload_is_honest_typed_and_independently_reconstructed ___

    def test_failed_gen7_payload_is_honest_typed_and_independently_reconstructed():
        with runtime.quarantine_guard() as tripwire:
>           payload = runtime._failed_gen7_terminal_payload()

tests/test_msae_independent_measurement_v3_post_m9_gen9.py:220: 
_ _ _ _ _ _ _ _ _ _ _ _ _ _ _ _ _ _ _ _ _ _ _ _ _ _ _ _ _ _ _ _ _ _ _ _ _ _ _ _ 
scripts/msae_independent_measurement_v3_post_m2_gen9_runtime.py:4986: in _failed_gen7_terminal_payload
    frozen = _failed_gen7_entries()
_ _ _ _ _ _ _ _ _ _ _ _ _ _ _ _ _ _ _ _ _ _ _ _ _ _ _ _ _ _ _ _ _ _ _ _ _ _ _ _ 

    def _failed_gen7_entries() -> dict[str, dict[str, Any]]:
        """Rehash the immutable terminal gen7 subject and its BLOCK review."""
        paths = {
            "plan": FAILED_GEN7_PLAN,
            "plan_review": FAILED_GEN7_PLAN_REVIEW,
            "controller": ROOT / "scripts/msae_independent_measurement_v3_post_m2_gen7.py",
            "runtime": ROOT / "scripts/msae_independent_measurement_v3_post_m2_gen7_runtime.py",
            "runner": ROOT / "scripts/run_msae_independent_calibration_v3_gen7.py",
            "launcher": ROOT / "scripts/launch_msae_independent_calibration_v3_gen7.sh",
            "tmux_test_supervisor": ROOT / "scripts/run_msae_independent_measurement_v3_post_m2_gen7_tmux_test.py",
            "rfc": ROOT / "docs/rfc-msae-independent-measurement-v3-post-m7-gen7.md",
            "tests": ROOT / "tests/test_msae_independent_measurement_v3_post_m7_gen7.py",
            "failure_review": FAILED_GEN7_FAILURE_REVIEW,
        }
        expected = {
            "plan": FAILED_GEN7_PLAN_SHA256,
            "plan_review": FAILED_GEN7_PLAN_REVIEW_SHA256,
            "controller": FAILED_GEN7_CONTROLLER_SHA256,
            "runtime": FAILED_GEN7_RUNTIME_SHA256,
            "runner": FAILED_GEN7_RUNNER_SHA256,
            "launcher": FAILED_GEN7_LAUNCHER_SHA256,
            "tmux_test_supervisor": FAILED_GEN7_TMUX_TEST_SHA256,
            "rfc": FAILED_GEN7_RFC_SHA256,
            "tests": FAILED_GEN7_TESTS_SHA256,
            "failure_review": FAILED_GEN7_FAILURE_REVIEW_SHA256,
        }
        entries = {name: _regular_entry(path) for name, path in paths.items()}
        if {name: row["sha256"] for name, row in entries.items()} != expected:
>           raise ValueError("immutable failed-gen7 subject drift")
E           ValueError: immutable failed-gen7 subject drift

scripts/msae_independent_measurement_v3_post_m2_gen9_runtime.py:4973: ValueError
_________ test_containment_attempt_and_case_journal_schemas_are_exact __________

    def test_containment_attempt_and_case_journal_schemas_are_exact():
>       descriptor = runtime._containment_attempt_descriptor(
            "a" * 64, started_utc="2026-08-21T01:02:03Z")

tests/test_msae_independent_measurement_v3_post_m9_gen9.py:251: 
_ _ _ _ _ _ _ _ _ _ _ _ _ _ _ _ _ _ _ _ _ _ _ _ _ _ _ _ _ _ _ _ _ _ _ _ _ _ _ _ 
scripts/msae_independent_measurement_v3_post_m2_gen9_runtime.py:5291: in _containment_attempt_descriptor
    manifest = _gen7_to_gen9_change_manifest()
scripts/msae_independent_measurement_v3_post_m2_gen9_runtime.py:4579: in _gen7_to_gen9_change_manifest
    changed_rows.extend(_gen9_changed_region_rows(
_ _ _ _ _ _ _ _ _ _ _ _ _ _ _ _ _ _ _ _ _ _ _ _ _ _ _ _ _ _ _ _ _ _ _ _ _ _ _ _ 

path = 'scripts/msae_independent_measurement_v3_post_m2_gen9_runtime.py'
baseline = b'#!/usr/bin/env python3\n"""Post-gen2 failure preservation and gen9 calibration runtime for MSAE v3.\n\nAll commands ...ity, args.intent_sha256)\n    elif args.command == "internal-tmux-test-role":\n        internal_tmux_test_role(args)\n'
candidate = b'#!/usr/bin/env python3\n"""Post-gen2 failure preservation and gen9 calibration runtime for MSAE v3.\n\nAll commands ...ity, args.intent_sha256)\n    elif args.command == "internal-tmux-test-role":\n        internal_tmux_test_role(args)\n'

    def _gen9_changed_region_rows(
            path: str, baseline: bytes, candidate: bytes, *,
            allowed_assignments: Mapping[str, str] | set[str],
            allowed_definitions: Mapping[str, str] | set[str]) -> list[dict[str, Any]]:
        """Prove every byte drift belongs to one reviewed top-level AST node."""
        assignment_regions = (dict(allowed_assignments)
                              if isinstance(allowed_assignments, Mapping)
                              else {name: "R9_CONSTANTS" for name in allowed_assignments})
        definition_regions = (dict(allowed_definitions)
                              if isinstance(allowed_definitions, Mapping)
                              else {name: "R9_CHANGE_POLICY" for name in allowed_definitions})
        old_rows = _normalized_top_level_node(baseline)
        new_rows = _normalized_top_level_node(candidate)
        old_map = {(row["node_kind"], row["qualified_name"], row["occurrence"]): row
                   for row in old_rows}
        new_map = {(row["node_kind"], row["qualified_name"], row["occurrence"]): row
                   for row in new_rows}
    
        def allowed(row: Mapping[str, Any]) -> str | None:
            if row["node_kind"] == "assignment":
                return assignment_regions.get(str(row["qualified_name"]))
            if row["node_kind"] in {"function", "async_function"}:
                return definition_regions.get(str(row["qualified_name"]))
            return None
    
        spans_old: list[tuple[int, int, bytes]] = []
        spans_new: list[tuple[int, int, bytes]] = []
        result: list[dict[str, Any]] = []
        keys = list(dict.fromkeys([*old_map, *new_map]))
        for key in keys:
            left = old_map.get(key)
            right = new_map.get(key)
            if left is not None and right is not None and left["raw"] == right["raw"]:
                continue
            reference = right if right is not None else left
            assert reference is not None
            region = allowed(reference)
            if region is None:
>               raise ValueError(
                    f"{path} changed outside allowed top-level nodes: "
                    f"{reference['node_kind']}:{reference['qualified_name']}")
E               ValueError: scripts/msae_independent_measurement_v3_post_m2_gen9_runtime.py changed outside allowed top-level nodes: function:_failed_gen7_entries

scripts/msae_independent_measurement_v3_post_m2_gen9_runtime.py:4465: ValueError
_ test_containment_pass_report_requires_complete_ordered_cases_and_zero_tripwires _

    def test_containment_pass_report_requires_complete_ordered_cases_and_zero_tripwires():
>       descriptor = runtime._containment_attempt_descriptor(
            "a" * 64, started_utc="2026-08-21T01:02:03Z")

tests/test_msae_independent_measurement_v3_post_m9_gen9.py:284: 
_ _ _ _ _ _ _ _ _ _ _ _ _ _ _ _ _ _ _ _ _ _ _ _ _ _ _ _ _ _ _ _ _ _ _ _ _ _ _ _ 
scripts/msae_independent_measurement_v3_post_m2_gen9_runtime.py:5291: in _containment_attempt_descriptor
    manifest = _gen7_to_gen9_change_manifest()
scripts/msae_independent_measurement_v3_post_m2_gen9_runtime.py:4579: in _gen7_to_gen9_change_manifest
    changed_rows.extend(_gen9_changed_region_rows(
_ _ _ _ _ _ _ _ _ _ _ _ _ _ _ _ _ _ _ _ _ _ _ _ _ _ _ _ _ _ _ _ _ _ _ _ _ _ _ _ 

path = 'scripts/msae_independent_measurement_v3_post_m2_gen9_runtime.py'
baseline = b'#!/usr/bin/env python3\n"""Post-gen2 failure preservation and gen9 calibration runtime for MSAE v3.\n\nAll commands ...ity, args.intent_sha256)\n    elif args.command == "internal-tmux-test-role":\n        internal_tmux_test_role(args)\n'
candidate = b'#!/usr/bin/env python3\n"""Post-gen2 failure preservation and gen9 calibration runtime for MSAE v3.\n\nAll commands ...ity, args.intent_sha256)\n    elif args.command == "internal-tmux-test-role":\n        internal_tmux_test_role(args)\n'

    def _gen9_changed_region_rows(
            path: str, baseline: bytes, candidate: bytes, *,
            allowed_assignments: Mapping[str, str] | set[str],
            allowed_definitions: Mapping[str, str] | set[str]) -> list[dict[str, Any]]:
        """Prove every byte drift belongs to one reviewed top-level AST node."""
        assignment_regions = (dict(allowed_assignments)
                              if isinstance(allowed_assignments, Mapping)
                              else {name: "R9_CONSTANTS" for name in allowed_assignments})
        definition_regions = (dict(allowed_definitions)
                              if isinstance(allowed_definitions, Mapping)
                              else {name: "R9_CHANGE_POLICY" for name in allowed_definitions})
        old_rows = _normalized_top_level_node(baseline)
        new_rows = _normalized_top_level_node(candidate)
        old_map = {(row["node_kind"], row["qualified_name"], row["occurrence"]): row
                   for row in old_rows}
        new_map = {(row["node_kind"], row["qualified_name"], row["occurrence"]): row
                   for row in new_rows}
    
        def allowed(row: Mapping[str, Any]) -> str | None:
            if row["node_kind"] == "assignment":
                return assignment_regions.get(str(row["qualified_name"]))
            if row["node_kind"] in {"function", "async_function"}:
                return definition_regions.get(str(row["qualified_name"]))
            return None
    
        spans_old: list[tuple[int, int, bytes]] = []
        spans_new: list[tuple[int, int, bytes]] = []
        result: list[dict[str, Any]] = []
        keys = list(dict.fromkeys([*old_map, *new_map]))
        for key in keys:
            left = old_map.get(key)
            right = new_map.get(key)
            if left is not None and right is not None and left["raw"] == right["raw"]:
                continue
            reference = right if right is not None else left
            assert reference is not None
            region = allowed(reference)
            if region is None:
>               raise ValueError(
                    f"{path} changed outside allowed top-level nodes: "
                    f"{reference['node_kind']}:{reference['qualified_name']}")
E               ValueError: scripts/msae_independent_measurement_v3_post_m2_gen9_runtime.py changed outside allowed top-level nodes: function:_failed_gen7_entries

scripts/msae_independent_measurement_v3_post_m2_gen9_runtime.py:4465: ValueError
____ test_gen2_failure_payload_records_only_independently_reproduced_claims ____

    def test_gen2_failure_payload_records_only_independently_reproduced_claims():
        before = runtime.GEN2_FAILURE_PATH.exists()
>       value = runtime._gen2_failure_payload()

tests/test_msae_independent_measurement_v3_post_m9_gen9.py:1608: 
_ _ _ _ _ _ _ _ _ _ _ _ _ _ _ _ _ _ _ _ _ _ _ _ _ _ _ _ _ _ _ _ _ _ _ _ _ _ _ _ 
scripts/msae_independent_measurement_v3_post_m2_gen9_runtime.py:6617: in _gen2_failure_payload
    predecessor_runtime.verify_m2_completion(M2_REVIEWED_COMPLETION_SHA256)
scripts/msae_independent_measurement_v3_post_m1_runtime.py:1563: in verify_m2_completion
    expected = _m2_completion_payload()
scripts/msae_independent_measurement_v3_post_m1_runtime.py:1538: in _m2_completion_payload
    continuation.verify_m1_completion(M1_REVIEWED_COMPLETION_SHA256, allow_m2_recovery=True)
scripts/msae_independent_measurement_v3_post_m1.py:325: in verify_m1_completion
    base.verify_m0_completion(M0_COMPLETION_SHA256, projection_phase="M1")
scripts/msae_independent_measurement_v3.py:1784: in verify_m0_completion
    verify_baseline_projection(projection_phase)
_ _ _ _ _ _ _ _ _ _ _ _ _ _ _ _ _ _ _ _ _ _ _ _ _ _ _ _ _ _ _ _ _ _ _ _ _ _ _ _ 

phase = 'M1'

    def verify_baseline_projection(phase: str = "M4") -> dict[str, int]:
        baseline = read_json(V3_DATA / "data_baseline_manifest.json")
        if (baseline.get("schema_version") != "msae_v3_data_baseline_manifest_v1"
                or baseline.get("protocol_id") != PROTOCOL
                or baseline.get("v3_root_absent_at_snapshot") is not True
                or baseline.get("quarantined_paths") != sorted(QUARANTINED)
                or not isinstance(baseline.get("entries"), list)):
            raise ValueError("baseline manifest semantic mismatch")
        baseline_paths = {entry["path"] for entry in baseline["entries"]}
        if len(baseline_paths) != len(baseline["entries"]):
            raise ValueError("duplicate baseline path")
        expected_v3 = {str((V3_DATA / name).relative_to(ROOT)) for name in _phase_data_names(phase)}
        expected_paths = baseline_paths | {str(V3_DATA.relative_to(ROOT))} | expected_v3
        observed_paths = _enumerate_data_paths()
        if observed_paths != expected_paths:
            raise ValueError(f"closed data projection mismatch for {phase}: "
                             f"missing={sorted(expected_paths-observed_paths)}, extra={sorted(observed_paths-expected_paths)}")
        root_stat = V3_DATA.lstat()
        if not stat.S_ISDIR(root_stat.st_mode) or stat.S_ISLNK(root_stat.st_mode):
            raise ValueError("v3 data root is not a real directory")
        for name in _phase_data_names(phase):
            path = V3_DATA / name
            st = path.lstat()
            if not stat.S_ISREG(st.st_mode) or stat.S_ISLNK(st.st_mode):
                raise ValueError(f"declared v3 data output is not a regular file: {name}")
        checked = 0
        lstat_only = 0
        for entry in baseline["entries"]:
            path = ROOT / entry["path"]
            st = path.lstat()
            if entry["type"] == "directory":
                if not stat.S_ISDIR(st.st_mode) or stat.S_IMODE(st.st_mode) != entry["mode"]:
                    raise ValueError(f"baseline directory drift: {entry['path']}")
            elif entry["path"] in QUARANTINED:
                current = _quarantine_entry(entry["path"])
                expected_sha, expected_size = QUARANTINED[entry["path"]]
                if (entry.get("type") != "regular"
                        or entry.get("verification_action") != "lstat_only_against_frozen_v1_evidence"
                        or entry.get("sha256") != expected_sha or entry.get("size") != expected_size):
                    raise ValueError(f"quarantine baseline semantics drift: {entry['path']}")
                for key in ("type", "mode", "size", "device", "inode", "nlink", "ctime_ns", "mtime_ns"):
                    if current[key] != entry.get(key):
>                       raise ValueError(f"quarantine baseline metadata drift: {entry['path']}:{key}")
E                       ValueError: quarantine baseline metadata drift: data/atlas_v1/private/final.jsonl:device

scripts/msae_independent_measurement_v3.py:3310: ValueError
______ test_failed_gen2_is_wrapped_in_gen9_without_cross_generation_write ______

    def test_failed_gen2_is_wrapped_in_gen9_without_cross_generation_write():
        historical_existed = runtime.GEN2_FAILURE_PATH.exists()
>       terminal = runtime._gen3_terminal_payload()

tests/test_msae_independent_measurement_v3_post_m9_gen9.py:1627: 
_ _ _ _ _ _ _ _ _ _ _ _ _ _ _ _ _ _ _ _ _ _ _ _ _ _ _ _ _ _ _ _ _ _ _ _ _ _ _ _ 
scripts/msae_independent_measurement_v3_post_m2_gen9_runtime.py:6473: in _gen3_terminal_payload
    "mechanically_reproduced_source_control_flow": _gen3_control_flow_reproduction(),
scripts/msae_independent_measurement_v3_post_m2_gen9_runtime.py:6385: in _gen3_control_flow_reproduction
    preflight = _verify_historical_preflight_readonly()
_ _ _ _ _ _ _ _ _ _ _ _ _ _ _ _ _ _ _ _ _ _ _ _ _ _ _ _ _ _ _ _ _ _ _ _ _ _ _ _ 

    def _verify_historical_preflight_readonly() -> dict[str, Any]:
        raw = _regular_bytes(PREFLIGHT_FAILURE_PATH, mode=0o644)
        if base.sha_bytes(raw) != HISTORICAL_PREFLIGHT_SHA256:
            raise ValueError("historical preflight digest drift")
        value = base.strict_json_loads(raw.decode("utf-8"))
        if raw != base.canonical_bytes(value):
            raise ValueError("historical preflight canonical bytes drift")
        expected_top = {
            "schema_version", "protocol_id", "generation", "status",
            "reviewed_m2_completion_sha256", "config_entry", "commitment_entry",
            "public_key_entry", "private_key_lstat", "bound_runtime_sha256",
            "failure", "stage_a", "authorization_signature", "model_gpu_tmux",
            "successor_generation",
        }
        if (set(value) != expected_top
                or value.get("generation") != "post_m2_gen1_failed_preflight"
                or value.get("successor_generation") != "post_m2_gen2"
                or value.get("stage_a") != "not_run"
                or value.get("authorization_signature") != "not_created"
                or value.get("model_gpu_tmux") != "not_run"):
            raise ValueError("historical preflight semantics drift")
        for key, expected_path, expected_sha in (
            ("config_entry", V3_CONFIG / "protocol.json", FAILED_M3_CONFIG_SHA256),
            ("commitment_entry", V3_CONFIG / "authorization_commitment.json", FAILED_M3_COMMITMENT_SHA256),
            ("public_key_entry", V3_CONFIG / "ed25519_public.pem", FAILED_M3_PUBLIC_SHA256),
        ):
            entry = value[key]
            current = _regular_entry(expected_path)
            historical_projection = {key: current[key] for key in (
                "path", "type", "mode", "size", "sha256", "verification_action")}
            if (entry.get("path") != expected_path.relative_to(ROOT).as_posix()
                    or entry.get("sha256") != expected_sha
                    or historical_projection != entry):
                raise ValueError(f"historical preflight {key} drift")
        private = value["private_key_lstat"]
        private_path = Path(private["path"])
        st = private_path.lstat()
        observed = {"path": str(private_path), "device": st.st_dev, "inode": st.st_ino,
                    "uid": st.st_uid, "mode": stat.S_IMODE(st.st_mode),
                    "size": st.st_size, "nlink": st.st_nlink, "content_read": False}
        if private != observed:
>           raise ValueError("historical preflight private-key lstat drift")
E           ValueError: historical preflight private-key lstat drift

scripts/msae_independent_measurement_v3_post_m2_gen9_runtime.py:6353: ValueError
__ test_legacy_whole_file_delta_is_dead_and_structural_manifest_is_authority ___

monkeypatch = <_pytest.monkeypatch.MonkeyPatch object at 0x7586e1c060c0>

    def test_legacy_whole_file_delta_is_dead_and_structural_manifest_is_authority(
            monkeypatch):
>       manifest = runtime._gen7_to_gen9_change_manifest()

tests/test_msae_independent_measurement_v3_post_m9_gen9.py:1639: 
_ _ _ _ _ _ _ _ _ _ _ _ _ _ _ _ _ _ _ _ _ _ _ _ _ _ _ _ _ _ _ _ _ _ _ _ _ _ _ _ 
scripts/msae_independent_measurement_v3_post_m2_gen9_runtime.py:4579: in _gen7_to_gen9_change_manifest
    changed_rows.extend(_gen9_changed_region_rows(
_ _ _ _ _ _ _ _ _ _ _ _ _ _ _ _ _ _ _ _ _ _ _ _ _ _ _ _ _ _ _ _ _ _ _ _ _ _ _ _ 

path = 'scripts/msae_independent_measurement_v3_post_m2_gen9_runtime.py'
baseline = b'#!/usr/bin/env python3\n"""Post-gen2 failure preservation and gen9 calibration runtime for MSAE v3.\n\nAll commands ...ity, args.intent_sha256)\n    elif args.command == "internal-tmux-test-role":\n        internal_tmux_test_role(args)\n'
candidate = b'#!/usr/bin/env python3\n"""Post-gen2 failure preservation and gen9 calibration runtime for MSAE v3.\n\nAll commands ...ity, args.intent_sha256)\n    elif args.command == "internal-tmux-test-role":\n        internal_tmux_test_role(args)\n'

    def _gen9_changed_region_rows(
            path: str, baseline: bytes, candidate: bytes, *,
            allowed_assignments: Mapping[str, str] | set[str],
            allowed_definitions: Mapping[str, str] | set[str]) -> list[dict[str, Any]]:
        """Prove every byte drift belongs to one reviewed top-level AST node."""
        assignment_regions = (dict(allowed_assignments)
                              if isinstance(allowed_assignments, Mapping)
                              else {name: "R9_CONSTANTS" for name in allowed_assignments})
        definition_regions = (dict(allowed_definitions)
                              if isinstance(allowed_definitions, Mapping)
                              else {name: "R9_CHANGE_POLICY" for name in allowed_definitions})
        old_rows = _normalized_top_level_node(baseline)
        new_rows = _normalized_top_level_node(candidate)
        old_map = {(row["node_kind"], row["qualified_name"], row["occurrence"]): row
                   for row in old_rows}
        new_map = {(row["node_kind"], row["qualified_name"], row["occurrence"]): row
                   for row in new_rows}
    
        def allowed(row: Mapping[str, Any]) -> str | None:
            if row["node_kind"] == "assignment":
                return assignment_regions.get(str(row["qualified_name"]))
            if row["node_kind"] in {"function", "async_function"}:
                return definition_regions.get(str(row["qualified_name"]))
            return None
    
        spans_old: list[tuple[int, int, bytes]] = []
        spans_new: list[tuple[int, int, bytes]] = []
        result: list[dict[str, Any]] = []
        keys = list(dict.fromkeys([*old_map, *new_map]))
        for key in keys:
            left = old_map.get(key)
            right = new_map.get(key)
            if left is not None and right is not None and left["raw"] == right["raw"]:
                continue
            reference = right if right is not None else left
            assert reference is not None
            region = allowed(reference)
            if region is None:
>               raise ValueError(
                    f"{path} changed outside allowed top-level nodes: "
                    f"{reference['node_kind']}:{reference['qualified_name']}")
E               ValueError: scripts/msae_independent_measurement_v3_post_m2_gen9_runtime.py changed outside allowed top-level nodes: function:_failed_gen7_entries

scripts/msae_independent_measurement_v3_post_m2_gen9_runtime.py:4465: ValueError
______ test_closure_registry_contains_every_gen9_review_and_failure_input ______

monkeypatch = <_pytest.monkeypatch.MonkeyPatch object at 0x7586e1c05760>

    def test_closure_registry_contains_every_gen9_review_and_failure_input(monkeypatch):
        monkeypatch.setattr(runtime, "_static_closure_analysis",
                            lambda **_kwargs: {"local_modules": []})
        required = {
            runtime.PLAN_PATH.relative_to(runtime.ROOT).as_posix(),
            runtime.PLAN_REVIEW.relative_to(runtime.ROOT).as_posix(),
            runtime.FAILURE_REVIEW.relative_to(runtime.ROOT).as_posix(),
            runtime.PRE_CONTAINMENT_REVIEW.relative_to(runtime.ROOT).as_posix(),
            runtime.PRE_CAPABILITY_REVIEW.relative_to(runtime.ROOT).as_posix(),
            runtime.IMPLEMENTATION_REVIEW.relative_to(runtime.ROOT).as_posix(),
            runtime.POST_M3_REVIEW.relative_to(runtime.ROOT).as_posix(),
            runtime.CHANGE_MANIFEST.relative_to(runtime.ROOT).as_posix(),
            runtime.CONTAINMENT_REPORT.relative_to(runtime.ROOT).as_posix(),
            runtime.CAPABILITY_REPORT.relative_to(runtime.ROOT).as_posix(),
            runtime.FAILED_GEN7_RECORD.relative_to(runtime.ROOT).as_posix(),
            runtime.FAILED_GEN5_RECORD.relative_to(runtime.ROOT).as_posix(),
            runtime.FAILED_GEN4_RECORD.relative_to(runtime.ROOT).as_posix(),
            runtime.FAILED_GEN3_RECORD.relative_to(runtime.ROOT).as_posix(),
            runtime.FAILED_GEN2_RECORD.relative_to(runtime.ROOT).as_posix(),
            runtime.GEN2_FAILURE_PATH.relative_to(runtime.ROOT).as_posix(),
            runtime.continuation.CONTROLLER_PATH.relative_to(runtime.ROOT).as_posix(),
            runtime.RUNTIME.relative_to(runtime.ROOT).as_posix(),
            runtime.RUNNER.relative_to(runtime.ROOT).as_posix(),
            runtime.LAUNCHER.relative_to(runtime.ROOT).as_posix(),
            runtime.TMUX_TEST_SUPERVISOR.relative_to(runtime.ROOT).as_posix(),
            runtime.RUNTIME_RFC.relative_to(runtime.ROOT).as_posix(),
            runtime.RUNTIME_TEST.relative_to(runtime.ROOT).as_posix(),
        }
        observed = set(runtime._candidate_relatives(include_m4=True))
>       assert required <= observed
E       AssertionError: assert {'docs/plan-msae-independent-measurement-v3-post-m9-gen9.md', 'docs/rfc-msae-independent-measurement-v3-post-m9-gen9.m...asurement_v3_post_m2_gen9_plan.md', 'reports/adversarial/msae_independent_measurement_v3_post_m2_gen9_post_m3.md', ...} <= {'TODO.md', 'configs/msae_independent_measurement_v1/protocol.json', 'configs/msae_independent_measurement_v3/authoriz...asurement_v3/protocol.json', 'configs/msae_independent_measurement_v3_post_m2_gen2/authorization_commitment.json', ...}

tests/test_msae_independent_measurement_v3_post_m9_gen9.py:1687: AssertionError
____________ test_persisted_m2_completion_round_trip_is_verifiable _____________

    def test_persisted_m2_completion_round_trip_is_verifiable():
        digest = "e593a6283aa5468ddbee1cc755dbe60c4ee503375a0cbce44c52614dd232d737"
        with runtime.base.quarantine_open_tripwire() as state:
            assert runtime.verify_m2_completion(digest)["status"] == \
>               "m2_support_and_maps_eligible_ready_for_independent_review_pin"

tests/test_msae_independent_measurement_v3_post_m9_gen9.py:1954: 
_ _ _ _ _ _ _ _ _ _ _ _ _ _ _ _ _ _ _ _ _ _ _ _ _ _ _ _ _ _ _ _ _ _ _ _ _ _ _ _ 
scripts/msae_independent_measurement_v3_post_m2_gen9_runtime.py:3597: in verify_m2_completion
    return predecessor_runtime.verify_m2_completion(reviewed_sha256)
scripts/msae_independent_measurement_v3_post_m1_runtime.py:1563: in verify_m2_completion
    expected = _m2_completion_payload()
scripts/msae_independent_measurement_v3_post_m1_runtime.py:1538: in _m2_completion_payload
    continuation.verify_m1_completion(M1_REVIEWED_COMPLETION_SHA256, allow_m2_recovery=True)
scripts/msae_independent_measurement_v3_post_m1.py:325: in verify_m1_completion
    base.verify_m0_completion(M0_COMPLETION_SHA256, projection_phase="M1")
scripts/msae_independent_measurement_v3.py:1784: in verify_m0_completion
    verify_baseline_projection(projection_phase)
_ _ _ _ _ _ _ _ _ _ _ _ _ _ _ _ _ _ _ _ _ _ _ _ _ _ _ _ _ _ _ _ _ _ _ _ _ _ _ _ 

phase = 'M1'

    def verify_baseline_projection(phase: str = "M4") -> dict[str, int]:
        baseline = read_json(V3_DATA / "data_baseline_manifest.json")
        if (baseline.get("schema_version") != "msae_v3_data_baseline_manifest_v1"
                or baseline.get("protocol_id") != PROTOCOL
                or baseline.get("v3_root_absent_at_snapshot") is not True
                or baseline.get("quarantined_paths") != sorted(QUARANTINED)
                or not isinstance(baseline.get("entries"), list)):
            raise ValueError("baseline manifest semantic mismatch")
        baseline_paths = {entry["path"] for entry in baseline["entries"]}
        if len(baseline_paths) != len(baseline["entries"]):
            raise ValueError("duplicate baseline path")
        expected_v3 = {str((V3_DATA / name).relative_to(ROOT)) for name in _phase_data_names(phase)}
        expected_paths = baseline_paths | {str(V3_DATA.relative_to(ROOT))} | expected_v3
        observed_paths = _enumerate_data_paths()
        if observed_paths != expected_paths:
            raise ValueError(f"closed data projection mismatch for {phase}: "
                             f"missing={sorted(expected_paths-observed_paths)}, extra={sorted(observed_paths-expected_paths)}")
        root_stat = V3_DATA.lstat()
        if not stat.S_ISDIR(root_stat.st_mode) or stat.S_ISLNK(root_stat.st_mode):
            raise ValueError("v3 data root is not a real directory")
        for name in _phase_data_names(phase):
            path = V3_DATA / name
            st = path.lstat()
            if not stat.S_ISREG(st.st_mode) or stat.S_ISLNK(st.st_mode):
                raise ValueError(f"declared v3 data output is not a regular file: {name}")
        checked = 0
        lstat_only = 0
        for entry in baseline["entries"]:
            path = ROOT / entry["path"]
            st = path.lstat()
            if entry["type"] == "directory":
                if not stat.S_ISDIR(st.st_mode) or stat.S_IMODE(st.st_mode) != entry["mode"]:
                    raise ValueError(f"baseline directory drift: {entry['path']}")
            elif entry["path"] in QUARANTINED:
                current = _quarantine_entry(entry["path"])
                expected_sha, expected_size = QUARANTINED[entry["path"]]
                if (entry.get("type") != "regular"
                        or entry.get("verification_action") != "lstat_only_against_frozen_v1_evidence"
                        or entry.get("sha256") != expected_sha or entry.get("size") != expected_size):
                    raise ValueError(f"quarantine baseline semantics drift: {entry['path']}")
                for key in ("type", "mode", "size", "device", "inode", "nlink", "ctime_ns", "mtime_ns"):
                    if current[key] != entry.get(key):
>                       raise ValueError(f"quarantine baseline metadata drift: {entry['path']}:{key}")
E                       ValueError: quarantine baseline metadata drift: data/atlas_v1/private/final.jsonl:device

scripts/msae_independent_measurement_v3.py:3310: ValueError
_ test_static_closure_semantically_rejects_literal_and_unregistered_dynamic_file_sites _

tmp_path = PosixPath('/tmp/pytest-of-f004ndc/pytest-5/test_static_closure_semantical0')

    def test_static_closure_semantically_rejects_literal_and_unregistered_dynamic_file_sites(tmp_path):
        import shutil
        for relative in runtime.LOCAL_PYTHON_ENTRYPOINTS:
            target = tmp_path / relative
            target.parent.mkdir(parents=True, exist_ok=True)
            shutil.copy2(ROOT / relative, target)
        runner = tmp_path / "scripts/run_msae_independent_calibration_v3_gen9.py"
        original = runner.read_text()
        runner.write_text(original + '\nPath("/etc/passwd").read_text()\n')
        with pytest.raises(ValueError, match="absolute file literal"):
>           runtime._static_closure_analysis(root=tmp_path)

tests/test_msae_independent_measurement_v3_post_m9_gen9.py:2241: 
_ _ _ _ _ _ _ _ _ _ _ _ _ _ _ _ _ _ _ _ _ _ _ _ _ _ _ _ _ _ _ _ _ _ _ _ _ _ _ _ 

    def _static_closure_analysis(*, root: Path = ROOT) -> dict[str, Any]:
        """Recursively resolve local imports and statically close dangerous surfaces."""
        queue = list(LOCAL_PYTHON_ENTRYPOINTS)
        parsed: dict[str, ast.Module] = {}
        import_edges: list[dict[str, str]] = []
        external_modules: set[str] = set()
        surfaces: list[dict[str, Any]] = []
        dynamic_imports: list[dict[str, Any]] = []
        process_calls = {"subprocess.run", "subprocess.check_output", "subprocess.check_call",
                         "subprocess.Popen", "os.execve", "os.execv", "os.execl", "os.system"}
        file_calls = {"open", "io.open", "os.open", "os.read", "os.write", "os.lseek",
                      "os.fstat", "os.fsync", "os.ftruncate", "os.fchmod", "os.close",
                      "os.mkdir", "os.rename", "os.replace", "os.unlink", "os.remove",
                      "os.stat", "os.lstat", "os.readlink", "os.chmod",
                      "os.scandir", "os.walk", "os.listdir", "shutil.rmtree",
                      "Path.open", "Path.read_bytes", "Path.read_text", "Path.write_bytes",
                      "Path.write_text", "Path.unlink", "Path.mkdir", "Path.rename",
                      "Path.replace", "Path.rmdir", "Path.exists", "Path.is_file",
                      "Path.is_dir", "Path.is_symlink", "Path.stat", "Path.lstat",
                      "Path.iterdir", "Path.rglob", "Path.glob", "Path.resolve"}
        library_calls = {"ctypes.CDLL", "ctypes.PyDLL", "ctypes.cdll.LoadLibrary"}
        network_calls = {"socket.socket", "socket.create_connection"}
        network_leaf_calls = {"connect", "bind", "listen", "accept", "sendall", "sendmsg",
                              "recv", "recvmsg", "getsockopt", "settimeout"}
        allowed_process_literals = {"/usr/bin/bash", "/usr/bin/git", "/usr/bin/ldd",
                                    "/usr/bin/nvidia-smi", "/usr/bin/strace", "/usr/bin/tmux",
                                    str(ROOT / ".venv-atlas/bin/python")}
        allowed_absolute_file_literals = {
                "/", "/proc", "/proc/net/unix", "/proc/self/fd", "/proc/self/maps",
                "/proc/self/mountinfo",
                "/dev/null", "/tmp", "/usr/${LIB}/",
            "/usr/lib/python3.12", "/usr/lib/x86_64-linux-gnu",
            "/usr/lib/x86_64-linux-gnu/libcuda.so.1",
            "/usr/lib/python3.12/site-packages", "/usr/local/lib/python3.12/dist-packages",
            "/usr/lib/python3/dist-packages", "/usr/bin/bash", "/usr/bin/git",
            "/usr/bin/ldd", "/usr/bin/nvidia-smi", "/usr/bin/strace", "/usr/bin/tmux",
                str(ROOT / ".venv-atlas/bin/python"), str(base.SNAPSHOT), str(ACTIVE_PRIVATE_KEY),
                str(PLAN_PATH), str(continuation.CONTROLLER_PATH), str(RUNTIME),
                str(RUNNER), str(LAUNCHER), str(TMUX_TEST_SUPERVISOR),
                str(RUNTIME_RFC), str(RUNTIME_TEST),
            str(base.PRIVATE_KEY), str(base.PRIMARY_BUILD_ROOT), str(base.REBUILD_BUILD_ROOT),
            str(base.STATE_ROOT), str(base.NONCE_DIR.parent), str(base.NONCE_DIR),
                str(base.GPU_LOCK_DIR), str(base.RUN_ROOT),
                    str(ACTIVE_CONFIG), str(ACTIVE_PROV), str(ACTIVE_M4_DATA),
                    str(ACTIVE_STATE), str(ACTIVE_NONCE_DIR),
                    str(ACTIVE_RUN_ROOT), str(SIGN_TRANSACTION),
                    str(M4_PRIMARY), str(M4_REBUILD), str(M4_TRANSACTION),
                    str(SETUP_JOURNAL), str(SETUP_MANIFEST),
                    str(SETUP_KEY_TRANSACTION),
                    str(SETUP_KEY_TRANSACTION / "private_key.payload"),
                    str(SETUP_KEY_TRANSACTION / "key_binding.json"),
                    str(CAPABILITY_ANALYSIS_ROOT), str(CAPABILITY_TRANSACTION),
                    str(CAPABILITY_REPORT), str(CAPABILITY_PROBE_ROOT),
                    str(CAPABILITY_PROBE_ROOT / "gen9_staging.json"),
                    str(CAPABILITY_PROBE_ROOT / "gen9_destination.json"),
                    str(NFS_PUBLISHER_TEST_ROOT), str(LOCAL_REJECTION_TEST_ROOT),
            str(predecessor_runtime.ACTIVE_PRIVATE_KEY),
            str(predecessor_runtime.ACTIVE_STATE), str(predecessor_runtime.ACTIVE_NONCE_DIR),
            str(predecessor_runtime.M4_PRIMARY), str(predecessor_runtime.M4_REBUILD),
            str(predecessor_runtime.ACTIVE_RUN_ROOT),
            "/tmp/msae_independent_measurement_v3_gen2_failure_reproduction",
            ("/tmp/msae_independent_measurement_v3_gen2_failure_reproduction/"
             ".venv-atlas/bin/python"),
            "/tmp/msae_surface_probe_check.json", "/tmp/msae_surface_probe_trace.log",
        }
        dynamic_process_mappings = {
            ("scripts/msae_independent_measurement_v3.py", "prescore_traced_check", "subprocess.run"):
                ["/usr/bin/strace"],
            ("scripts/msae_independent_measurement_v3.py", "broker", "os.execve"):
                [str(ROOT / ".venv-atlas/bin/python")],
            ("scripts/msae_independent_measurement_v3_post_m1_runtime.py",
             "_prescore_traced_check_impl", "subprocess.run"): ["/usr/bin/strace"],
            ("scripts/msae_independent_measurement_v3_post_m1_runtime.py", "broker", "os.execve"):
                [str(ROOT / ".venv-atlas/bin/python")],
            ("scripts/msae_independent_measurement_v3_post_m1_runtime.py",
             "_supervise_broker_process", "subprocess.Popen"):
                [str(ROOT / ".venv-atlas/bin/python")],
            ("scripts/msae_independent_measurement_v3_post_m2_gen9_runtime.py",
             "_prescore_traced_check_impl", "subprocess.run"): ["/usr/bin/strace"],
            ("scripts/msae_independent_measurement_v3_post_m2_gen9_runtime.py", "broker", "os.execve"):
                [str(ROOT / ".venv-atlas/bin/python")],
            ("scripts/msae_independent_measurement_v3_post_m2_gen9_runtime.py",
             "_supervise_broker_process", "subprocess.Popen"):
                [str(ROOT / ".venv-atlas/bin/python")],
            ("scripts/msae_independent_measurement_v3_post_m2_gen9_runtime.py",
             "_run_tmux_client", "subprocess.Popen"):
                ["/usr/bin/tmux"],
        }
        dynamic_import_mappings = {
            ("scripts/msae_independent_measurement_v3_post_m1_runtime.py",
             "cpu_no_model_public_entry_trace", "runner_path"):
                ("scripts/run_msae_independent_calibration_v3.py",
                 "scripts/run_msae_independent_calibration_v3.py"),
            ("scripts/msae_independent_measurement_v3_post_m1_runtime.py",
             "_rooted_generic_build_stage_a", "dependency_path"):
                ("scripts/msae_measurement_v2.py", "msae_measurement_v2.py"),
            ("scripts/msae_independent_measurement_v3_post_m1_runtime.py",
             "_rooted_generic_build_stage_a", "builder_path"):
                ("scripts/msae_measurement_remediation_v1.py",
                 "msae_measurement_remediation_v1.py"),
            ("scripts/msae_independent_measurement_v3_post_m2_gen9_runtime.py",
             "_rooted_generic_protocol_config", "builder_path"):
                ("scripts/msae_independent_measurement_v3.py",
                 "scripts/msae_independent_measurement_v3.py"),
            ("scripts/msae_independent_measurement_v3_post_m2_gen9_runtime.py",
             "_rebuild_generic_config_at_synthetic_root", "builder_path"):
                ("scripts/msae_independent_measurement_v3.py",
                 "scripts/msae_independent_measurement_v3.py"),
            ("scripts/msae_independent_measurement_v3_post_m2_gen9_runtime.py",
             "cpu_no_model_public_entry_trace", "runner_path"):
                ("scripts/run_msae_independent_calibration_v3_gen9.py",
                 "scripts/run_msae_independent_calibration_v3_gen9.py"),
            ("scripts/msae_independent_measurement_v3_post_m2_gen9_runtime.py",
             "_rooted_generic_build_stage_a", "dependency_path"):
                ("scripts/msae_measurement_v2.py", "msae_measurement_v2.py"),
            ("scripts/msae_independent_measurement_v3_post_m2_gen9_runtime.py",
             "_rooted_generic_build_stage_a", "builder_path"):
                ("scripts/msae_measurement_remediation_v1.py",
                 "msae_measurement_remediation_v1.py"),
        }
        # The exact canonical paths are enumerated separately in the closure's
        # typed finite-file registry.  Sites bind this registry identifier rather
        # than broad directory prefixes; the behavioral trace checks every observed
        # request against the registry entries.
        dynamic_file_mapping = ["typed_registry:msae_v3_finite_file_registry_v1"]
        path_taking_helpers = _path_taking_local_helpers(root=root)
        while queue:
            relative = queue.pop(0)
            if relative in parsed:
                continue
            path = root / relative
            tree = ast.parse(path.read_text(encoding="utf-8"), filename=relative)
            parsed[relative] = tree
            scopes = [(node.lineno, node.end_lineno or node.lineno, node.name)
                      for node in ast.walk(tree)
                      if isinstance(node, (ast.FunctionDef, ast.AsyncFunctionDef))]
            def enclosing(line: int) -> str:
                candidates = [(end - start, name) for start, end, name in scopes
                              if start <= line <= end]
                return min(candidates)[1] if candidates else "<module>"
            assignments_by_scope: dict[str, dict[str, list[ast.AST]]] = collections.defaultdict(
                lambda: collections.defaultdict(list))
            for assignment in ast.walk(tree):
                if isinstance(assignment, (ast.Assign, ast.AnnAssign)) and assignment.value is not None:
                    targets = assignment.targets if isinstance(assignment, ast.Assign) else [assignment.target]
                    for target in targets:
                        if isinstance(target, ast.Name):
                            assignments_by_scope[enclosing(assignment.lineno)][target.id].append(
                                assignment.value)
    
            def statically_assigned_literals(expression: ast.AST | None,
                                              scope: str,
                                              seen: frozenset[str] = frozenset()) -> set[str]:
                if expression is None:
                    return set()
                if isinstance(expression, ast.Constant) and isinstance(expression.value, str):
                    return {expression.value}
                if (isinstance(expression, ast.Call)
                        and _qualified_call_name(expression.func) in {"Path", "pathlib.Path"}
                        and expression.args):
                    return statically_assigned_literals(expression.args[0], scope, seen)
                if isinstance(expression, ast.Name) and expression.id not in seen:
                    values = (assignments_by_scope[scope].get(expression.id, [])
                              or assignments_by_scope["<module>"].get(expression.id, []))
                    return set().union(*(
                        statically_assigned_literals(value, scope, seen | {expression.id})
                        for value in values
                    )) if values else set()
                if isinstance(expression, ast.BinOp) and isinstance(expression.op, ast.Div):
                    left = statically_assigned_literals(expression.left, scope, seen)
                    right = statically_assigned_literals(expression.right, scope, seen)
                    return {str(Path(a) / b) for a in left for b in right}
                if isinstance(expression, ast.IfExp):
                    return (statically_assigned_literals(expression.body, scope, seen)
                            | statically_assigned_literals(expression.orelse, scope, seen))
                return set()
    
            def assignment_origin_expressions(expression: ast.AST | None, scope: str,
                                              seen: frozenset[str] = frozenset()) -> set[str]:
                if expression is None:
                    return set()
                result: set[str] = set()
                for name_node in (node for node in ast.walk(expression) if isinstance(node, ast.Name)):
                    if name_node.id in seen:
                        continue
                    values = (assignments_by_scope[scope].get(name_node.id, [])
                              or assignments_by_scope["<module>"].get(name_node.id, []))
                    for value in values:
                        result.add(f"{name_node.id}={ast.unparse(value)}")
                        result.update(assignment_origin_expressions(
                            value, scope, seen | {name_node.id}))
                return result
    
            def assignment_origin_string_literals(
                    expression: ast.AST | None, scope: str,
                    seen: frozenset[str] = frozenset()) -> set[str]:
                if expression is None:
                    return set()
                result = {node.value for node in ast.walk(expression)
                          if isinstance(node, ast.Constant) and isinstance(node.value, str)}
                for name_node in (node for node in ast.walk(expression)
                                  if isinstance(node, ast.Name)):
                    if name_node.id in seen:
                        continue
                    values = (assignments_by_scope[scope].get(name_node.id, [])
                              or assignments_by_scope["<module>"].get(name_node.id, []))
                    for value in values:
                        result.update(assignment_origin_string_literals(
                            value, scope, seen | {name_node.id}))
                return result
            dangerous_attributes = (process_calls | file_calls | library_calls | network_calls
                                    | network_leaf_calls)
            dangerous_leaf_names = {value.rsplit(".", 1)[-1] for value in dangerous_attributes}
            call_aliases: dict[str, str] = {}
            module_aliases: dict[str, str] = {}
            for candidate in ast.walk(tree):
                if isinstance(candidate, ast.Import):
                    for alias in candidate.names:
                        head = alias.name.split(".", 1)[0]
                        if head in {"subprocess", "os", "socket", "ctypes", "io", "pathlib", "importlib"}:
                            module_aliases[alias.asname or head] = head
                elif isinstance(candidate, ast.ImportFrom) and candidate.module == "pathlib":
                    for alias in candidate.names:
                        if alias.name == "Path":
                            module_aliases[alias.asname or alias.name] = "Path"
            def normalize_call(value: str | None) -> str | None:
                if value is None:
                    return None
                head, separator, tail = value.partition(".")
                replacement = module_aliases.get(head)
                return f"{replacement}{separator}{tail}" if replacement is not None else value
            for candidate in ast.walk(tree):
                if isinstance(candidate, (ast.Assign, ast.AnnAssign)):
                    value = candidate.value
                    qualified = normalize_call(_qualified_call_name(value)) if value is not None else None
                    if qualified in dangerous_attributes:
                        targets = (candidate.targets if isinstance(candidate, ast.Assign)
                                   else [candidate.target])
                        if len(targets) != 1 or not isinstance(targets[0], ast.Name):
                            raise ValueError(f"indirect dangerous-call alias is forbidden: "
                                             f"{relative}:{candidate.lineno}")
                        call_aliases[targets[0].id] = qualified
                elif isinstance(candidate, ast.ImportFrom) and candidate.module in {
                        "subprocess", "ctypes", "socket", "pathlib", "os", "io"}:
                    for alias in candidate.names:
                        qualified = f"{candidate.module}.{alias.name}"
                        if qualified in dangerous_attributes:
                            call_aliases[alias.asname or alias.name] = qualified
            imports: list[tuple[str, int]] = []
            for node in ast.walk(tree):
                if isinstance(node, ast.Import):
                    imports.extend((alias.name, node.lineno) for alias in node.names)
                elif isinstance(node, ast.ImportFrom):
                    if node.level:
                        raise ValueError(f"relative local import is not supported by frozen resolver: {relative}:{node.lineno}")
                    if node.module:
                        imports.append((node.module, node.lineno))
                elif isinstance(node, ast.Call):
                    name = normalize_call(_qualified_call_name(node.func))
                    planted_probe_scope = (relative in {
                        "scripts/msae_independent_measurement_v3_post_m1_runtime.py",
                        "scripts/msae_independent_measurement_v3_post_m2_gen9_runtime.py"} and
                        enclosing(node.lineno) == "cpu_no_model_public_entry_trace")
                    if isinstance(node.func, (ast.Call, ast.Subscript, ast.Lambda)) and not planted_probe_scope:
                        raise ValueError(f"unresolved dynamic callable is forbidden: {relative}:{node.lineno}")
                    if name in {"eval", "exec", "compile"}:
                        raise ValueError(f"runtime code evaluation is forbidden: {relative}:{node.lineno}:{name}")
                    if name == "getattr":
                        if len(node.args) < 2 or not isinstance(node.args[1], ast.Constant) or \
                                not isinstance(node.args[1].value, str):
                            allowed_dynamic_getattr = {
                                ("scripts/msae_independent_measurement_v3_post_m1.py", "__getattr__"),
                                ("scripts/msae_independent_measurement_v3_post_m1_runtime.py",
                                 "verify_authorization"),
                                ("scripts/msae_independent_measurement_v3_post_m2_gen9_runtime.py",
                                 "verify_authorization"),
                            }
                            if (relative, enclosing(node.lineno)) not in allowed_dynamic_getattr:
                                raise ValueError(f"dynamic getattr dispatch is forbidden: {relative}:{node.lineno}")
                        elif node.args[1].value in dangerous_leaf_names and not planted_probe_scope:
                            raise ValueError(f"indirect dangerous getattr is forbidden: "
                                             f"{relative}:{node.lineno}:{node.args[1].value}")
                    if name in call_aliases:
                        name = call_aliases[name]
                    if name in {"__import__", "importlib.import_module"}:
                        raise ValueError(f"dynamic import is forbidden: {relative}:{node.lineno}:{name}")
                    if name in {"importlib.util.spec_from_file_location",
                                "continuation.source_only_module_spec"}:
                        scope = enclosing(node.lineno)
                        if len(node.args) < 2:
                            raise ValueError(
                                f"dynamic import lacks an exact path argument: {relative}:{node.lineno}")
                        argument_expression = ast.unparse(node.args[1])
                        mapping = dynamic_import_mappings.get(
                            (relative, scope, argument_expression))
                        if mapping is None:
                            raise ValueError(
                                f"dynamic import site lacks an exact mapping: "
                                f"{relative}:{scope}:{argument_expression}")
                        target, required_origin_literal = mapping
                        origin_literals = assignment_origin_string_literals(
                            node.args[1], scope)
                        if required_origin_literal not in origin_literals:
                            raise ValueError(
                                f"dynamic import target origin drift: {relative}:{scope}:"
                                f"{argument_expression}:{sorted(origin_literals)}")
                        dynamic_imports.append({"path": relative, "line": node.lineno,
                                                "operation": name,
                                                "argument_expression": argument_expression,
                                                "assignment_origin_literals": sorted(origin_literals),
                                                "finite_mapping": [target]})
                    leaf = node.func.attr if isinstance(node.func, ast.Attribute) else None
                    helper_leaf = (node.func.attr if isinstance(node.func, ast.Attribute)
                                   else node.func.id if isinstance(node.func, ast.Name) else None)
                    helper_path_bindings = path_taking_helpers.get(str(helper_leaf), ())
                    helper_path_indices = tuple(index for index, _ in helper_path_bindings)
                    category = ("process" if name in process_calls else
                                "file" if name in file_calls or
                                helper_path_indices or
                                (leaf in
                                 {"open", "read_bytes", "read_text", "write_bytes", "write_text",
                                  "unlink", "mkdir", "rename", "replace", "rmdir", "exists",
                                  "is_file", "is_dir", "is_symlink", "stat", "lstat", "iterdir",
                                  "rglob", "glob", "resolve", "ftruncate", "fchmod", "close",
                                  "remove", "chmod", "readlink", "rmtree"}) else
                                "library" if name in library_calls else
                                "network" if name in network_calls or leaf in network_leaf_calls else None)
                    if category is not None:
                        # This one function contains deliberately forbidden calls
                        # executed only after all real surfaces are monkeypatched;
                        # they are behavioral negative fixtures, never allowlist
                        # entries.
                        if planted_probe_scope:
                            continue
                        if name == "os.system" or any(keyword.arg == "shell" and
                                                       isinstance(keyword.value, ast.Constant) and
                                                       keyword.value.value is True
                                                       for keyword in node.keywords):
                            raise ValueError(f"shell expansion is forbidden: {relative}:{node.lineno}")
                        if category == "network" and name == "socket.socket":
                            explicit_unix = (bool(node.args)
                                and isinstance(node.args[0], ast.Attribute)
                                and _qualified_call_name(node.args[0]) == "socket.AF_UNIX")
                            typed_inherited_fd = (not node.args
                                and len(node.keywords) == 1
                                and node.keywords[0].arg == "fileno")
                            if not (explicit_unix or typed_inherited_fd):
                                raise ValueError(
                                    f"non-UNIX network surface is forbidden: {relative}:{node.lineno}")
                        literal = None
                        file_literal = None
                        scope = enclosing(node.lineno)
                        path_argument_index = helper_path_indices[0] if helper_path_indices else 0
                        path_argument: ast.AST | None = (
                            node.args[path_argument_index]
                            if len(node.args) > path_argument_index else None)
                        if path_argument is None and helper_path_bindings:
                            keyword_names = {name for index, name in helper_path_bindings
                                             if index == path_argument_index}
                            matches = [keyword.value for keyword in node.keywords
                                       if keyword.arg in keyword_names]
                            if len(matches) == 1:
                                path_argument = matches[0]
                        if (path_argument is None and category == "file"
                                and isinstance(node.func, ast.Attribute)
                                and not (name or "").startswith(("os.", "io."))):
                            path_argument = node.func.value
                        if path_argument is not None:
                            first = path_argument
                            if isinstance(first, ast.Constant) and isinstance(first.value, (str, type(None))):
                                literal = first.value
                            elif (isinstance(first, (ast.List, ast.Tuple)) and first.elts
                                  and isinstance(first.elts[0], ast.Constant)
                                  and isinstance(first.elts[0].value, (str, type(None)))):
                                literal = first.elts[0].value
                            elif (isinstance(first, ast.Call)
                                  and _qualified_call_name(first.func) in {"Path", "pathlib.Path"}
                                  and first.args and isinstance(first.args[0], ast.Constant)
                                  and isinstance(first.args[0].value, str)):
                                literal = first.args[0].value
                        receiver_literal = None
                        if (category == "file" and isinstance(node.func, ast.Attribute)
                                and isinstance(node.func.value, ast.Call)
                                and _qualified_call_name(node.func.value.func) == "Path"
                                and node.func.value.args
                                and isinstance(node.func.value.args[0], ast.Constant)
                                and isinstance(node.func.value.args[0].value, str)):
                            receiver_literal = node.func.value.args[0].value
                        file_literal = receiver_literal if receiver_literal is not None else literal
                        if (category == "file" and isinstance(file_literal, str)
                                and os.path.isabs(file_literal)
                                and file_literal not in allowed_absolute_file_literals):
                            raise ValueError(f"absolute file literal is outside the typed finite registry: "
                                             f"{relative}:{node.lineno}:{file_literal}")
                        assigned_literals = statically_assigned_literals(path_argument, scope)
                        forbidden_assigned = sorted(
                            value for value in assigned_literals
                            if os.path.isabs(value) and value not in allowed_absolute_file_literals
                        )
                        if forbidden_assigned and not planted_probe_scope:
                            raise ValueError(
                                "dynamic file value has an assigned literal outside the finite registry: "
                                f"{relative}:{scope}:{node.lineno}:{forbidden_assigned}")
                        if category == "process" and literal is not None:
                            if not isinstance(literal, str) or literal not in allowed_process_literals:
                                raise ValueError(
                                    f"process target is outside the static allowlist: "
                                    f"{relative}:{node.lineno}:{literal!r}")
                        if category == "library" and literal is not None:
                            raise ValueError(
                                f"literal dlopen target is outside the distribution/ELF closure: "
                                f"{relative}:{node.lineno}:{literal!r}")
                        finite_mapping: list[Any]
                        if category == "file":
                            finite_mapping = dynamic_file_mapping
                        elif category == "process":
                            finite_mapping = ["typed_registry:msae_v3_finite_process_registry_v1"]
                        elif category == "network":
                            finite_mapping = (["AF_UNIX"] if name == "socket.socket" else
                                              ["typed_registry:unix_socket_path_or_bound_socket"])
                        elif category == "library":
                            if not node.args or not isinstance(node.args[0], ast.Constant) or node.args[0].value is not None:
                                raise ValueError(
                                    f"dynamic dlopen site lacks a finite mapping: {relative}:{node.lineno}")
                            finite_mapping = ["process_global_libc"]
                        else:
                            finite_mapping = dynamic_file_mapping
                        site_payload = {"path": relative, "function": scope,
                                        "category": category,
                                        "operation": name if name is not None else f"<dynamic>.{leaf}",
                                        "receiver_expression": (ast.unparse(node.func.value)
                                                                if isinstance(node.func, ast.Attribute)
                                                                else None),
                                        "argument_expression": (
                                            ast.unparse(path_argument)
                                            if path_argument is not None else None),
                                        "assignment_origin_expressions": sorted(
                                            assignment_origin_expressions(path_argument, scope))}
                        site_id = base.sha_bytes(base.canonical_bytes(site_payload))
                        if category == "file" and file_literal is None:
                            if site_id not in FROZEN_DYNAMIC_FILE_SITE_BINDING_IDS:
>                               raise ValueError(
                                    "dynamic file site lacks a reviewed typed-field binding: "
                                    f"{relative}:{scope}:{node.lineno}:{site_id}")
E                               ValueError: dynamic file site lacks a reviewed typed-field binding: scripts/msae_independent_measurement_v3_post_m2_gen9.py:_source_only_bytes:47:fc487f87e3ffe2ff6c95508dd06238461554747408d99760c6679a17c69d2fa8

scripts/msae_independent_measurement_v3_post_m2_gen9_runtime.py:9930: ValueError

During handling of the above exception, another exception occurred:

tmp_path = PosixPath('/tmp/pytest-of-f004ndc/pytest-5/test_static_closure_semantical0')

    def test_static_closure_semantically_rejects_literal_and_unregistered_dynamic_file_sites(tmp_path):
        import shutil
        for relative in runtime.LOCAL_PYTHON_ENTRYPOINTS:
            target = tmp_path / relative
            target.parent.mkdir(parents=True, exist_ok=True)
            shutil.copy2(ROOT / relative, target)
        runner = tmp_path / "scripts/run_msae_independent_calibration_v3_gen9.py"
        original = runner.read_text()
        runner.write_text(original + '\nPath("/etc/passwd").read_text()\n')
>       with pytest.raises(ValueError, match="absolute file literal"):
E       AssertionError: Regex pattern did not match.
E        Regex: 'absolute file literal'
E        Input: 'dynamic file site lacks a reviewed typed-field binding: scripts/msae_independent_measurement_v3_post_m2_gen9.py:_source_only_bytes:47:fc487f87e3ffe2ff6c95508dd06238461554747408d99760c6679a17c69d2fa8'

tests/test_msae_independent_measurement_v3_post_m9_gen9.py:2240: AssertionError
_ test_static_closure_rejects_indirect_helper_keyword_and_assignment_path_bypasses _

tmp_path = PosixPath('/tmp/pytest-of-f004ndc/pytest-5/test_static_closure_rejects_in0')

    def test_static_closure_rejects_indirect_helper_keyword_and_assignment_path_bypasses(tmp_path):
        import shutil
        for relative in runtime.LOCAL_PYTHON_ENTRYPOINTS:
            target = tmp_path / relative
            target.parent.mkdir(parents=True, exist_ok=True)
            shutil.copy2(ROOT / relative, target)
        runner = tmp_path / "scripts/run_msae_independent_calibration_v3_gen9.py"
        original = runner.read_text()
        for planted in (
            '\nprotocol.read_json(Path("/etc/passwd"))\n',
            '\nprotocol.read_json(path=Path("/etc/passwd"))\n',
        ):
            runner.write_text(original + planted)
            with pytest.raises(ValueError, match="absolute file literal"):
>               runtime._static_closure_analysis(root=tmp_path)

tests/test_msae_independent_measurement_v3_post_m9_gen9.py:2263: 
_ _ _ _ _ _ _ _ _ _ _ _ _ _ _ _ _ _ _ _ _ _ _ _ _ _ _ _ _ _ _ _ _ _ _ _ _ _ _ _ 

    def _static_closure_analysis(*, root: Path = ROOT) -> dict[str, Any]:
        """Recursively resolve local imports and statically close dangerous surfaces."""
        queue = list(LOCAL_PYTHON_ENTRYPOINTS)
        parsed: dict[str, ast.Module] = {}
        import_edges: list[dict[str, str]] = []
        external_modules: set[str] = set()
        surfaces: list[dict[str, Any]] = []
        dynamic_imports: list[dict[str, Any]] = []
        process_calls = {"subprocess.run", "subprocess.check_output", "subprocess.check_call",
                         "subprocess.Popen", "os.execve", "os.execv", "os.execl", "os.system"}
        file_calls = {"open", "io.open", "os.open", "os.read", "os.write", "os.lseek",
                      "os.fstat", "os.fsync", "os.ftruncate", "os.fchmod", "os.close",
                      "os.mkdir", "os.rename", "os.replace", "os.unlink", "os.remove",
                      "os.stat", "os.lstat", "os.readlink", "os.chmod",
                      "os.scandir", "os.walk", "os.listdir", "shutil.rmtree",
                      "Path.open", "Path.read_bytes", "Path.read_text", "Path.write_bytes",
                      "Path.write_text", "Path.unlink", "Path.mkdir", "Path.rename",
                      "Path.replace", "Path.rmdir", "Path.exists", "Path.is_file",
                      "Path.is_dir", "Path.is_symlink", "Path.stat", "Path.lstat",
                      "Path.iterdir", "Path.rglob", "Path.glob", "Path.resolve"}
        library_calls = {"ctypes.CDLL", "ctypes.PyDLL", "ctypes.cdll.LoadLibrary"}
        network_calls = {"socket.socket", "socket.create_connection"}
        network_leaf_calls = {"connect", "bind", "listen", "accept", "sendall", "sendmsg",
                              "recv", "recvmsg", "getsockopt", "settimeout"}
        allowed_process_literals = {"/usr/bin/bash", "/usr/bin/git", "/usr/bin/ldd",
                                    "/usr/bin/nvidia-smi", "/usr/bin/strace", "/usr/bin/tmux",
                                    str(ROOT / ".venv-atlas/bin/python")}
        allowed_absolute_file_literals = {
                "/", "/proc", "/proc/net/unix", "/proc/self/fd", "/proc/self/maps",
                "/proc/self/mountinfo",
                "/dev/null", "/tmp", "/usr/${LIB}/",
            "/usr/lib/python3.12", "/usr/lib/x86_64-linux-gnu",
            "/usr/lib/x86_64-linux-gnu/libcuda.so.1",
            "/usr/lib/python3.12/site-packages", "/usr/local/lib/python3.12/dist-packages",
            "/usr/lib/python3/dist-packages", "/usr/bin/bash", "/usr/bin/git",
            "/usr/bin/ldd", "/usr/bin/nvidia-smi", "/usr/bin/strace", "/usr/bin/tmux",
                str(ROOT / ".venv-atlas/bin/python"), str(base.SNAPSHOT), str(ACTIVE_PRIVATE_KEY),
                str(PLAN_PATH), str(continuation.CONTROLLER_PATH), str(RUNTIME),
                str(RUNNER), str(LAUNCHER), str(TMUX_TEST_SUPERVISOR),
                str(RUNTIME_RFC), str(RUNTIME_TEST),
            str(base.PRIVATE_KEY), str(base.PRIMARY_BUILD_ROOT), str(base.REBUILD_BUILD_ROOT),
            str(base.STATE_ROOT), str(base.NONCE_DIR.parent), str(base.NONCE_DIR),
                str(base.GPU_LOCK_DIR), str(base.RUN_ROOT),
                    str(ACTIVE_CONFIG), str(ACTIVE_PROV), str(ACTIVE_M4_DATA),
                    str(ACTIVE_STATE), str(ACTIVE_NONCE_DIR),
                    str(ACTIVE_RUN_ROOT), str(SIGN_TRANSACTION),
                    str(M4_PRIMARY), str(M4_REBUILD), str(M4_TRANSACTION),
                    str(SETUP_JOURNAL), str(SETUP_MANIFEST),
                    str(SETUP_KEY_TRANSACTION),
                    str(SETUP_KEY_TRANSACTION / "private_key.payload"),
                    str(SETUP_KEY_TRANSACTION / "key_binding.json"),
                    str(CAPABILITY_ANALYSIS_ROOT), str(CAPABILITY_TRANSACTION),
                    str(CAPABILITY_REPORT), str(CAPABILITY_PROBE_ROOT),
                    str(CAPABILITY_PROBE_ROOT / "gen9_staging.json"),
                    str(CAPABILITY_PROBE_ROOT / "gen9_destination.json"),
                    str(NFS_PUBLISHER_TEST_ROOT), str(LOCAL_REJECTION_TEST_ROOT),
            str(predecessor_runtime.ACTIVE_PRIVATE_KEY),
            str(predecessor_runtime.ACTIVE_STATE), str(predecessor_runtime.ACTIVE_NONCE_DIR),
            str(predecessor_runtime.M4_PRIMARY), str(predecessor_runtime.M4_REBUILD),
            str(predecessor_runtime.ACTIVE_RUN_ROOT),
            "/tmp/msae_independent_measurement_v3_gen2_failure_reproduction",
            ("/tmp/msae_independent_measurement_v3_gen2_failure_reproduction/"
             ".venv-atlas/bin/python"),
            "/tmp/msae_surface_probe_check.json", "/tmp/msae_surface_probe_trace.log",
        }
        dynamic_process_mappings = {
            ("scripts/msae_independent_measurement_v3.py", "prescore_traced_check", "subprocess.run"):
                ["/usr/bin/strace"],
            ("scripts/msae_independent_measurement_v3.py", "broker", "os.execve"):
                [str(ROOT / ".venv-atlas/bin/python")],
            ("scripts/msae_independent_measurement_v3_post_m1_runtime.py",
             "_prescore_traced_check_impl", "subprocess.run"): ["/usr/bin/strace"],
            ("scripts/msae_independent_measurement_v3_post_m1_runtime.py", "broker", "os.execve"):
                [str(ROOT / ".venv-atlas/bin/python")],
            ("scripts/msae_independent_measurement_v3_post_m1_runtime.py",
             "_supervise_broker_process", "subprocess.Popen"):
                [str(ROOT / ".venv-atlas/bin/python")],
            ("scripts/msae_independent_measurement_v3_post_m2_gen9_runtime.py",
             "_prescore_traced_check_impl", "subprocess.run"): ["/usr/bin/strace"],
            ("scripts/msae_independent_measurement_v3_post_m2_gen9_runtime.py", "broker", "os.execve"):
                [str(ROOT / ".venv-atlas/bin/python")],
            ("scripts/msae_independent_measurement_v3_post_m2_gen9_runtime.py",
             "_supervise_broker_process", "subprocess.Popen"):
                [str(ROOT / ".venv-atlas/bin/python")],
            ("scripts/msae_independent_measurement_v3_post_m2_gen9_runtime.py",
             "_run_tmux_client", "subprocess.Popen"):
                ["/usr/bin/tmux"],
        }
        dynamic_import_mappings = {
            ("scripts/msae_independent_measurement_v3_post_m1_runtime.py",
             "cpu_no_model_public_entry_trace", "runner_path"):
                ("scripts/run_msae_independent_calibration_v3.py",
                 "scripts/run_msae_independent_calibration_v3.py"),
            ("scripts/msae_independent_measurement_v3_post_m1_runtime.py",
             "_rooted_generic_build_stage_a", "dependency_path"):
                ("scripts/msae_measurement_v2.py", "msae_measurement_v2.py"),
            ("scripts/msae_independent_measurement_v3_post_m1_runtime.py",
             "_rooted_generic_build_stage_a", "builder_path"):
                ("scripts/msae_measurement_remediation_v1.py",
                 "msae_measurement_remediation_v1.py"),
            ("scripts/msae_independent_measurement_v3_post_m2_gen9_runtime.py",
             "_rooted_generic_protocol_config", "builder_path"):
                ("scripts/msae_independent_measurement_v3.py",
                 "scripts/msae_independent_measurement_v3.py"),
            ("scripts/msae_independent_measurement_v3_post_m2_gen9_runtime.py",
             "_rebuild_generic_config_at_synthetic_root", "builder_path"):
                ("scripts/msae_independent_measurement_v3.py",
                 "scripts/msae_independent_measurement_v3.py"),
            ("scripts/msae_independent_measurement_v3_post_m2_gen9_runtime.py",
             "cpu_no_model_public_entry_trace", "runner_path"):
                ("scripts/run_msae_independent_calibration_v3_gen9.py",
                 "scripts/run_msae_independent_calibration_v3_gen9.py"),
            ("scripts/msae_independent_measurement_v3_post_m2_gen9_runtime.py",
             "_rooted_generic_build_stage_a", "dependency_path"):
                ("scripts/msae_measurement_v2.py", "msae_measurement_v2.py"),
            ("scripts/msae_independent_measurement_v3_post_m2_gen9_runtime.py",
             "_rooted_generic_build_stage_a", "builder_path"):
                ("scripts/msae_measurement_remediation_v1.py",
                 "msae_measurement_remediation_v1.py"),
        }
        # The exact canonical paths are enumerated separately in the closure's
        # typed finite-file registry.  Sites bind this registry identifier rather
        # than broad directory prefixes; the behavioral trace checks every observed
        # request against the registry entries.
        dynamic_file_mapping = ["typed_registry:msae_v3_finite_file_registry_v1"]
        path_taking_helpers = _path_taking_local_helpers(root=root)
        while queue:
            relative = queue.pop(0)
            if relative in parsed:
                continue
            path = root / relative
            tree = ast.parse(path.read_text(encoding="utf-8"), filename=relative)
            parsed[relative] = tree
            scopes = [(node.lineno, node.end_lineno or node.lineno, node.name)
                      for node in ast.walk(tree)
                      if isinstance(node, (ast.FunctionDef, ast.AsyncFunctionDef))]
            def enclosing(line: int) -> str:
                candidates = [(end - start, name) for start, end, name in scopes
                              if start <= line <= end]
                return min(candidates)[1] if candidates else "<module>"
            assignments_by_scope: dict[str, dict[str, list[ast.AST]]] = collections.defaultdict(
                lambda: collections.defaultdict(list))
            for assignment in ast.walk(tree):
                if isinstance(assignment, (ast.Assign, ast.AnnAssign)) and assignment.value is not None:
                    targets = assignment.targets if isinstance(assignment, ast.Assign) else [assignment.target]
                    for target in targets:
                        if isinstance(target, ast.Name):
                            assignments_by_scope[enclosing(assignment.lineno)][target.id].append(
                                assignment.value)
    
            def statically_assigned_literals(expression: ast.AST | None,
                                              scope: str,
                                              seen: frozenset[str] = frozenset()) -> set[str]:
                if expression is None:
                    return set()
                if isinstance(expression, ast.Constant) and isinstance(expression.value, str):
                    return {expression.value}
                if (isinstance(expression, ast.Call)
                        and _qualified_call_name(expression.func) in {"Path", "pathlib.Path"}
                        and expression.args):
                    return statically_assigned_literals(expression.args[0], scope, seen)
                if isinstance(expression, ast.Name) and expression.id not in seen:
                    values = (assignments_by_scope[scope].get(expression.id, [])
                              or assignments_by_scope["<module>"].get(expression.id, []))
                    return set().union(*(
                        statically_assigned_literals(value, scope, seen | {expression.id})
                        for value in values
                    )) if values else set()
                if isinstance(expression, ast.BinOp) and isinstance(expression.op, ast.Div):
                    left = statically_assigned_literals(expression.left, scope, seen)
                    right = statically_assigned_literals(expression.right, scope, seen)
                    return {str(Path(a) / b) for a in left for b in right}
                if isinstance(expression, ast.IfExp):
                    return (statically_assigned_literals(expression.body, scope, seen)
                            | statically_assigned_literals(expression.orelse, scope, seen))
                return set()
    
            def assignment_origin_expressions(expression: ast.AST | None, scope: str,
                                              seen: frozenset[str] = frozenset()) -> set[str]:
                if expression is None:
                    return set()
                result: set[str] = set()
                for name_node in (node for node in ast.walk(expression) if isinstance(node, ast.Name)):
                    if name_node.id in seen:
                        continue
                    values = (assignments_by_scope[scope].get(name_node.id, [])
                              or assignments_by_scope["<module>"].get(name_node.id, []))
                    for value in values:
                        result.add(f"{name_node.id}={ast.unparse(value)}")
                        result.update(assignment_origin_expressions(
                            value, scope, seen | {name_node.id}))
                return result
    
            def assignment_origin_string_literals(
                    expression: ast.AST | None, scope: str,
                    seen: frozenset[str] = frozenset()) -> set[str]:
                if expression is None:
                    return set()
                result = {node.value for node in ast.walk(expression)
                          if isinstance(node, ast.Constant) and isinstance(node.value, str)}
                for name_node in (node for node in ast.walk(expression)
                                  if isinstance(node, ast.Name)):
                    if name_node.id in seen:
                        continue
                    values = (assignments_by_scope[scope].get(name_node.id, [])
                              or assignments_by_scope["<module>"].get(name_node.id, []))
                    for value in values:
                        result.update(assignment_origin_string_literals(
                            value, scope, seen | {name_node.id}))
                return result
            dangerous_attributes = (process_calls | file_calls | library_calls | network_calls
                                    | network_leaf_calls)
            dangerous_leaf_names = {value.rsplit(".", 1)[-1] for value in dangerous_attributes}
            call_aliases: dict[str, str] = {}
            module_aliases: dict[str, str] = {}
            for candidate in ast.walk(tree):
                if isinstance(candidate, ast.Import):
                    for alias in candidate.names:
                        head = alias.name.split(".", 1)[0]
                        if head in {"subprocess", "os", "socket", "ctypes", "io", "pathlib", "importlib"}:
                            module_aliases[alias.asname or head] = head
                elif isinstance(candidate, ast.ImportFrom) and candidate.module == "pathlib":
                    for alias in candidate.names:
                        if alias.name == "Path":
                            module_aliases[alias.asname or alias.name] = "Path"
            def normalize_call(value: str | None) -> str | None:
                if value is None:
                    return None
                head, separator, tail = value.partition(".")
                replacement = module_aliases.get(head)
                return f"{replacement}{separator}{tail}" if replacement is not None else value
            for candidate in ast.walk(tree):
                if isinstance(candidate, (ast.Assign, ast.AnnAssign)):
                    value = candidate.value
                    qualified = normalize_call(_qualified_call_name(value)) if value is not None else None
                    if qualified in dangerous_attributes:
                        targets = (candidate.targets if isinstance(candidate, ast.Assign)
                                   else [candidate.target])
                        if len(targets) != 1 or not isinstance(targets[0], ast.Name):
                            raise ValueError(f"indirect dangerous-call alias is forbidden: "
                                             f"{relative}:{candidate.lineno}")
                        call_aliases[targets[0].id] = qualified
                elif isinstance(candidate, ast.ImportFrom) and candidate.module in {
                        "subprocess", "ctypes", "socket", "pathlib", "os", "io"}:
                    for alias in candidate.names:
                        qualified = f"{candidate.module}.{alias.name}"
                        if qualified in dangerous_attributes:
                            call_aliases[alias.asname or alias.name] = qualified
            imports: list[tuple[str, int]] = []
            for node in ast.walk(tree):
                if isinstance(node, ast.Import):
                    imports.extend((alias.name, node.lineno) for alias in node.names)
                elif isinstance(node, ast.ImportFrom):
                    if node.level:
                        raise ValueError(f"relative local import is not supported by frozen resolver: {relative}:{node.lineno}")
                    if node.module:
                        imports.append((node.module, node.lineno))
                elif isinstance(node, ast.Call):
                    name = normalize_call(_qualified_call_name(node.func))
                    planted_probe_scope = (relative in {
                        "scripts/msae_independent_measurement_v3_post_m1_runtime.py",
                        "scripts/msae_independent_measurement_v3_post_m2_gen9_runtime.py"} and
                        enclosing(node.lineno) == "cpu_no_model_public_entry_trace")
                    if isinstance(node.func, (ast.Call, ast.Subscript, ast.Lambda)) and not planted_probe_scope:
                        raise ValueError(f"unresolved dynamic callable is forbidden: {relative}:{node.lineno}")
                    if name in {"eval", "exec", "compile"}:
                        raise ValueError(f"runtime code evaluation is forbidden: {relative}:{node.lineno}:{name}")
                    if name == "getattr":
                        if len(node.args) < 2 or not isinstance(node.args[1], ast.Constant) or \
                                not isinstance(node.args[1].value, str):
                            allowed_dynamic_getattr = {
                                ("scripts/msae_independent_measurement_v3_post_m1.py", "__getattr__"),
                                ("scripts/msae_independent_measurement_v3_post_m1_runtime.py",
                                 "verify_authorization"),
                                ("scripts/msae_independent_measurement_v3_post_m2_gen9_runtime.py",
                                 "verify_authorization"),
                            }
                            if (relative, enclosing(node.lineno)) not in allowed_dynamic_getattr:
                                raise ValueError(f"dynamic getattr dispatch is forbidden: {relative}:{node.lineno}")
                        elif node.args[1].value in dangerous_leaf_names and not planted_probe_scope:
                            raise ValueError(f"indirect dangerous getattr is forbidden: "
                                             f"{relative}:{node.lineno}:{node.args[1].value}")
                    if name in call_aliases:
                        name = call_aliases[name]
                    if name in {"__import__", "importlib.import_module"}:
                        raise ValueError(f"dynamic import is forbidden: {relative}:{node.lineno}:{name}")
                    if name in {"importlib.util.spec_from_file_location",
                                "continuation.source_only_module_spec"}:
                        scope = enclosing(node.lineno)
                        if len(node.args) < 2:
                            raise ValueError(
                                f"dynamic import lacks an exact path argument: {relative}:{node.lineno}")
                        argument_expression = ast.unparse(node.args[1])
                        mapping = dynamic_import_mappings.get(
                            (relative, scope, argument_expression))
                        if mapping is None:
                            raise ValueError(
                                f"dynamic import site lacks an exact mapping: "
                                f"{relative}:{scope}:{argument_expression}")
                        target, required_origin_literal = mapping
                        origin_literals = assignment_origin_string_literals(
                            node.args[1], scope)
                        if required_origin_literal not in origin_literals:
                            raise ValueError(
                                f"dynamic import target origin drift: {relative}:{scope}:"
                                f"{argument_expression}:{sorted(origin_literals)}")
                        dynamic_imports.append({"path": relative, "line": node.lineno,
                                                "operation": name,
                                                "argument_expression": argument_expression,
                                                "assignment_origin_literals": sorted(origin_literals),
                                                "finite_mapping": [target]})
                    leaf = node.func.attr if isinstance(node.func, ast.Attribute) else None
                    helper_leaf = (node.func.attr if isinstance(node.func, ast.Attribute)
                                   else node.func.id if isinstance(node.func, ast.Name) else None)
                    helper_path_bindings = path_taking_helpers.get(str(helper_leaf), ())
                    helper_path_indices = tuple(index for index, _ in helper_path_bindings)
                    category = ("process" if name in process_calls else
                                "file" if name in file_calls or
                                helper_path_indices or
                                (leaf in
                                 {"open", "read_bytes", "read_text", "write_bytes", "write_text",
                                  "unlink", "mkdir", "rename", "replace", "rmdir", "exists",
                                  "is_file", "is_dir", "is_symlink", "stat", "lstat", "iterdir",
                                  "rglob", "glob", "resolve", "ftruncate", "fchmod", "close",
                                  "remove", "chmod", "readlink", "rmtree"}) else
                                "library" if name in library_calls else
                                "network" if name in network_calls or leaf in network_leaf_calls else None)
                    if category is not None:
                        # This one function contains deliberately forbidden calls
                        # executed only after all real surfaces are monkeypatched;
                        # they are behavioral negative fixtures, never allowlist
                        # entries.
                        if planted_probe_scope:
                            continue
                        if name == "os.system" or any(keyword.arg == "shell" and
                                                       isinstance(keyword.value, ast.Constant) and
                                                       keyword.value.value is True
                                                       for keyword in node.keywords):
                            raise ValueError(f"shell expansion is forbidden: {relative}:{node.lineno}")
                        if category == "network" and name == "socket.socket":
                            explicit_unix = (bool(node.args)
                                and isinstance(node.args[0], ast.Attribute)
                                and _qualified_call_name(node.args[0]) == "socket.AF_UNIX")
                            typed_inherited_fd = (not node.args
                                and len(node.keywords) == 1
                                and node.keywords[0].arg == "fileno")
                            if not (explicit_unix or typed_inherited_fd):
                                raise ValueError(
                                    f"non-UNIX network surface is forbidden: {relative}:{node.lineno}")
                        literal = None
                        file_literal = None
                        scope = enclosing(node.lineno)
                        path_argument_index = helper_path_indices[0] if helper_path_indices else 0
                        path_argument: ast.AST | None = (
                            node.args[path_argument_index]
                            if len(node.args) > path_argument_index else None)
                        if path_argument is None and helper_path_bindings:
                            keyword_names = {name for index, name in helper_path_bindings
                                             if index == path_argument_index}
                            matches = [keyword.value for keyword in node.keywords
                                       if keyword.arg in keyword_names]
                            if len(matches) == 1:
                                path_argument = matches[0]
                        if (path_argument is None and category == "file"
                                and isinstance(node.func, ast.Attribute)
                                and not (name or "").startswith(("os.", "io."))):
                            path_argument = node.func.value
                        if path_argument is not None:
                            first = path_argument
                            if isinstance(first, ast.Constant) and isinstance(first.value, (str, type(None))):
                                literal = first.value
                            elif (isinstance(first, (ast.List, ast.Tuple)) and first.elts
                                  and isinstance(first.elts[0], ast.Constant)
                                  and isinstance(first.elts[0].value, (str, type(None)))):
                                literal = first.elts[0].value
                            elif (isinstance(first, ast.Call)
                                  and _qualified_call_name(first.func) in {"Path", "pathlib.Path"}
                                  and first.args and isinstance(first.args[0], ast.Constant)
                                  and isinstance(first.args[0].value, str)):
                                literal = first.args[0].value
                        receiver_literal = None
                        if (category == "file" and isinstance(node.func, ast.Attribute)
                                and isinstance(node.func.value, ast.Call)
                                and _qualified_call_name(node.func.value.func) == "Path"
                                and node.func.value.args
                                and isinstance(node.func.value.args[0], ast.Constant)
                                and isinstance(node.func.value.args[0].value, str)):
                            receiver_literal = node.func.value.args[0].value
                        file_literal = receiver_literal if receiver_literal is not None else literal
                        if (category == "file" and isinstance(file_literal, str)
                                and os.path.isabs(file_literal)
                                and file_literal not in allowed_absolute_file_literals):
                            raise ValueError(f"absolute file literal is outside the typed finite registry: "
                                             f"{relative}:{node.lineno}:{file_literal}")
                        assigned_literals = statically_assigned_literals(path_argument, scope)
                        forbidden_assigned = sorted(
                            value for value in assigned_literals
                            if os.path.isabs(value) and value not in allowed_absolute_file_literals
                        )
                        if forbidden_assigned and not planted_probe_scope:
                            raise ValueError(
                                "dynamic file value has an assigned literal outside the finite registry: "
                                f"{relative}:{scope}:{node.lineno}:{forbidden_assigned}")
                        if category == "process" and literal is not None:
                            if not isinstance(literal, str) or literal not in allowed_process_literals:
                                raise ValueError(
                                    f"process target is outside the static allowlist: "
                                    f"{relative}:{node.lineno}:{literal!r}")
                        if category == "library" and literal is not None:
                            raise ValueError(
                                f"literal dlopen target is outside the distribution/ELF closure: "
                                f"{relative}:{node.lineno}:{literal!r}")
                        finite_mapping: list[Any]
                        if category == "file":
                            finite_mapping = dynamic_file_mapping
                        elif category == "process":
                            finite_mapping = ["typed_registry:msae_v3_finite_process_registry_v1"]
                        elif category == "network":
                            finite_mapping = (["AF_UNIX"] if name == "socket.socket" else
                                              ["typed_registry:unix_socket_path_or_bound_socket"])
                        elif category == "library":
                            if not node.args or not isinstance(node.args[0], ast.Constant) or node.args[0].value is not None:
                                raise ValueError(
                                    f"dynamic dlopen site lacks a finite mapping: {relative}:{node.lineno}")
                            finite_mapping = ["process_global_libc"]
                        else:
                            finite_mapping = dynamic_file_mapping
                        site_payload = {"path": relative, "function": scope,
                                        "category": category,
                                        "operation": name if name is not None else f"<dynamic>.{leaf}",
                                        "receiver_expression": (ast.unparse(node.func.value)
                                                                if isinstance(node.func, ast.Attribute)
                                                                else None),
                                        "argument_expression": (
                                            ast.unparse(path_argument)
                                            if path_argument is not None else None),
                                        "assignment_origin_expressions": sorted(
                                            assignment_origin_expressions(path_argument, scope))}
                        site_id = base.sha_bytes(base.canonical_bytes(site_payload))
                        if category == "file" and file_literal is None:
                            if site_id not in FROZEN_DYNAMIC_FILE_SITE_BINDING_IDS:
>                               raise ValueError(
                                    "dynamic file site lacks a reviewed typed-field binding: "
                                    f"{relative}:{scope}:{node.lineno}:{site_id}")
E                               ValueError: dynamic file site lacks a reviewed typed-field binding: scripts/msae_independent_measurement_v3_post_m2_gen9.py:_source_only_bytes:47:fc487f87e3ffe2ff6c95508dd06238461554747408d99760c6679a17c69d2fa8

scripts/msae_independent_measurement_v3_post_m2_gen9_runtime.py:9930: ValueError

During handling of the above exception, another exception occurred:

tmp_path = PosixPath('/tmp/pytest-of-f004ndc/pytest-5/test_static_closure_rejects_in0')

    def test_static_closure_rejects_indirect_helper_keyword_and_assignment_path_bypasses(tmp_path):
        import shutil
        for relative in runtime.LOCAL_PYTHON_ENTRYPOINTS:
            target = tmp_path / relative
            target.parent.mkdir(parents=True, exist_ok=True)
            shutil.copy2(ROOT / relative, target)
        runner = tmp_path / "scripts/run_msae_independent_calibration_v3_gen9.py"
        original = runner.read_text()
        for planted in (
            '\nprotocol.read_json(Path("/etc/passwd"))\n',
            '\nprotocol.read_json(path=Path("/etc/passwd"))\n',
        ):
            runner.write_text(original + planted)
>           with pytest.raises(ValueError, match="absolute file literal"):
E           AssertionError: Regex pattern did not match.
E            Regex: 'absolute file literal'
E            Input: 'dynamic file site lacks a reviewed typed-field binding: scripts/msae_independent_measurement_v3_post_m2_gen9.py:_source_only_bytes:47:fc487f87e3ffe2ff6c95508dd06238461554747408d99760c6679a17c69d2fa8'

tests/test_msae_independent_measurement_v3_post_m9_gen9.py:2262: AssertionError
________ test_static_network_closure_includes_bound_unix_socket_methods ________

    def test_static_network_closure_includes_bound_unix_socket_methods():
>       operations = {row["operation"] for row in runtime._static_closure_analysis()["surface_calls"]
                      if row["category"] == "network"}

tests/test_msae_independent_measurement_v3_post_m9_gen9.py:2279: 
_ _ _ _ _ _ _ _ _ _ _ _ _ _ _ _ _ _ _ _ _ _ _ _ _ _ _ _ _ _ _ _ _ _ _ _ _ _ _ _ 

    def _static_closure_analysis(*, root: Path = ROOT) -> dict[str, Any]:
        """Recursively resolve local imports and statically close dangerous surfaces."""
        queue = list(LOCAL_PYTHON_ENTRYPOINTS)
        parsed: dict[str, ast.Module] = {}
        import_edges: list[dict[str, str]] = []
        external_modules: set[str] = set()
        surfaces: list[dict[str, Any]] = []
        dynamic_imports: list[dict[str, Any]] = []
        process_calls = {"subprocess.run", "subprocess.check_output", "subprocess.check_call",
                         "subprocess.Popen", "os.execve", "os.execv", "os.execl", "os.system"}
        file_calls = {"open", "io.open", "os.open", "os.read", "os.write", "os.lseek",
                      "os.fstat", "os.fsync", "os.ftruncate", "os.fchmod", "os.close",
                      "os.mkdir", "os.rename", "os.replace", "os.unlink", "os.remove",
                      "os.stat", "os.lstat", "os.readlink", "os.chmod",
                      "os.scandir", "os.walk", "os.listdir", "shutil.rmtree",
                      "Path.open", "Path.read_bytes", "Path.read_text", "Path.write_bytes",
                      "Path.write_text", "Path.unlink", "Path.mkdir", "Path.rename",
                      "Path.replace", "Path.rmdir", "Path.exists", "Path.is_file",
                      "Path.is_dir", "Path.is_symlink", "Path.stat", "Path.lstat",
                      "Path.iterdir", "Path.rglob", "Path.glob", "Path.resolve"}
        library_calls = {"ctypes.CDLL", "ctypes.PyDLL", "ctypes.cdll.LoadLibrary"}
        network_calls = {"socket.socket", "socket.create_connection"}
        network_leaf_calls = {"connect", "bind", "listen", "accept", "sendall", "sendmsg",
                              "recv", "recvmsg", "getsockopt", "settimeout"}
        allowed_process_literals = {"/usr/bin/bash", "/usr/bin/git", "/usr/bin/ldd",
                                    "/usr/bin/nvidia-smi", "/usr/bin/strace", "/usr/bin/tmux",
                                    str(ROOT / ".venv-atlas/bin/python")}
        allowed_absolute_file_literals = {
                "/", "/proc", "/proc/net/unix", "/proc/self/fd", "/proc/self/maps",
                "/proc/self/mountinfo",
                "/dev/null", "/tmp", "/usr/${LIB}/",
            "/usr/lib/python3.12", "/usr/lib/x86_64-linux-gnu",
            "/usr/lib/x86_64-linux-gnu/libcuda.so.1",
            "/usr/lib/python3.12/site-packages", "/usr/local/lib/python3.12/dist-packages",
            "/usr/lib/python3/dist-packages", "/usr/bin/bash", "/usr/bin/git",
            "/usr/bin/ldd", "/usr/bin/nvidia-smi", "/usr/bin/strace", "/usr/bin/tmux",
                str(ROOT / ".venv-atlas/bin/python"), str(base.SNAPSHOT), str(ACTIVE_PRIVATE_KEY),
                str(PLAN_PATH), str(continuation.CONTROLLER_PATH), str(RUNTIME),
                str(RUNNER), str(LAUNCHER), str(TMUX_TEST_SUPERVISOR),
                str(RUNTIME_RFC), str(RUNTIME_TEST),
            str(base.PRIVATE_KEY), str(base.PRIMARY_BUILD_ROOT), str(base.REBUILD_BUILD_ROOT),
            str(base.STATE_ROOT), str(base.NONCE_DIR.parent), str(base.NONCE_DIR),
                str(base.GPU_LOCK_DIR), str(base.RUN_ROOT),
                    str(ACTIVE_CONFIG), str(ACTIVE_PROV), str(ACTIVE_M4_DATA),
                    str(ACTIVE_STATE), str(ACTIVE_NONCE_DIR),
                    str(ACTIVE_RUN_ROOT), str(SIGN_TRANSACTION),
                    str(M4_PRIMARY), str(M4_REBUILD), str(M4_TRANSACTION),
                    str(SETUP_JOURNAL), str(SETUP_MANIFEST),
                    str(SETUP_KEY_TRANSACTION),
                    str(SETUP_KEY_TRANSACTION / "private_key.payload"),
                    str(SETUP_KEY_TRANSACTION / "key_binding.json"),
                    str(CAPABILITY_ANALYSIS_ROOT), str(CAPABILITY_TRANSACTION),
                    str(CAPABILITY_REPORT), str(CAPABILITY_PROBE_ROOT),
                    str(CAPABILITY_PROBE_ROOT / "gen9_staging.json"),
                    str(CAPABILITY_PROBE_ROOT / "gen9_destination.json"),
                    str(NFS_PUBLISHER_TEST_ROOT), str(LOCAL_REJECTION_TEST_ROOT),
            str(predecessor_runtime.ACTIVE_PRIVATE_KEY),
            str(predecessor_runtime.ACTIVE_STATE), str(predecessor_runtime.ACTIVE_NONCE_DIR),
            str(predecessor_runtime.M4_PRIMARY), str(predecessor_runtime.M4_REBUILD),
            str(predecessor_runtime.ACTIVE_RUN_ROOT),
            "/tmp/msae_independent_measurement_v3_gen2_failure_reproduction",
            ("/tmp/msae_independent_measurement_v3_gen2_failure_reproduction/"
             ".venv-atlas/bin/python"),
            "/tmp/msae_surface_probe_check.json", "/tmp/msae_surface_probe_trace.log",
        }
        dynamic_process_mappings = {
            ("scripts/msae_independent_measurement_v3.py", "prescore_traced_check", "subprocess.run"):
                ["/usr/bin/strace"],
            ("scripts/msae_independent_measurement_v3.py", "broker", "os.execve"):
                [str(ROOT / ".venv-atlas/bin/python")],
            ("scripts/msae_independent_measurement_v3_post_m1_runtime.py",
             "_prescore_traced_check_impl", "subprocess.run"): ["/usr/bin/strace"],
            ("scripts/msae_independent_measurement_v3_post_m1_runtime.py", "broker", "os.execve"):
                [str(ROOT / ".venv-atlas/bin/python")],
            ("scripts/msae_independent_measurement_v3_post_m1_runtime.py",
             "_supervise_broker_process", "subprocess.Popen"):
                [str(ROOT / ".venv-atlas/bin/python")],
            ("scripts/msae_independent_measurement_v3_post_m2_gen9_runtime.py",
             "_prescore_traced_check_impl", "subprocess.run"): ["/usr/bin/strace"],
            ("scripts/msae_independent_measurement_v3_post_m2_gen9_runtime.py", "broker", "os.execve"):
                [str(ROOT / ".venv-atlas/bin/python")],
            ("scripts/msae_independent_measurement_v3_post_m2_gen9_runtime.py",
             "_supervise_broker_process", "subprocess.Popen"):
                [str(ROOT / ".venv-atlas/bin/python")],
            ("scripts/msae_independent_measurement_v3_post_m2_gen9_runtime.py",
             "_run_tmux_client", "subprocess.Popen"):
                ["/usr/bin/tmux"],
        }
        dynamic_import_mappings = {
            ("scripts/msae_independent_measurement_v3_post_m1_runtime.py",
             "cpu_no_model_public_entry_trace", "runner_path"):
                ("scripts/run_msae_independent_calibration_v3.py",
                 "scripts/run_msae_independent_calibration_v3.py"),
            ("scripts/msae_independent_measurement_v3_post_m1_runtime.py",
             "_rooted_generic_build_stage_a", "dependency_path"):
                ("scripts/msae_measurement_v2.py", "msae_measurement_v2.py"),
            ("scripts/msae_independent_measurement_v3_post_m1_runtime.py",
             "_rooted_generic_build_stage_a", "builder_path"):
                ("scripts/msae_measurement_remediation_v1.py",
                 "msae_measurement_remediation_v1.py"),
            ("scripts/msae_independent_measurement_v3_post_m2_gen9_runtime.py",
             "_rooted_generic_protocol_config", "builder_path"):
                ("scripts/msae_independent_measurement_v3.py",
                 "scripts/msae_independent_measurement_v3.py"),
            ("scripts/msae_independent_measurement_v3_post_m2_gen9_runtime.py",
             "_rebuild_generic_config_at_synthetic_root", "builder_path"):
                ("scripts/msae_independent_measurement_v3.py",
                 "scripts/msae_independent_measurement_v3.py"),
            ("scripts/msae_independent_measurement_v3_post_m2_gen9_runtime.py",
             "cpu_no_model_public_entry_trace", "runner_path"):
                ("scripts/run_msae_independent_calibration_v3_gen9.py",
                 "scripts/run_msae_independent_calibration_v3_gen9.py"),
            ("scripts/msae_independent_measurement_v3_post_m2_gen9_runtime.py",
             "_rooted_generic_build_stage_a", "dependency_path"):
                ("scripts/msae_measurement_v2.py", "msae_measurement_v2.py"),
            ("scripts/msae_independent_measurement_v3_post_m2_gen9_runtime.py",
             "_rooted_generic_build_stage_a", "builder_path"):
                ("scripts/msae_measurement_remediation_v1.py",
                 "msae_measurement_remediation_v1.py"),
        }
        # The exact canonical paths are enumerated separately in the closure's
        # typed finite-file registry.  Sites bind this registry identifier rather
        # than broad directory prefixes; the behavioral trace checks every observed
        # request against the registry entries.
        dynamic_file_mapping = ["typed_registry:msae_v3_finite_file_registry_v1"]
        path_taking_helpers = _path_taking_local_helpers(root=root)
        while queue:
            relative = queue.pop(0)
            if relative in parsed:
                continue
            path = root / relative
            tree = ast.parse(path.read_text(encoding="utf-8"), filename=relative)
            parsed[relative] = tree
            scopes = [(node.lineno, node.end_lineno or node.lineno, node.name)
                      for node in ast.walk(tree)
                      if isinstance(node, (ast.FunctionDef, ast.AsyncFunctionDef))]
            def enclosing(line: int) -> str:
                candidates = [(end - start, name) for start, end, name in scopes
                              if start <= line <= end]
                return min(candidates)[1] if candidates else "<module>"
            assignments_by_scope: dict[str, dict[str, list[ast.AST]]] = collections.defaultdict(
                lambda: collections.defaultdict(list))
            for assignment in ast.walk(tree):
                if isinstance(assignment, (ast.Assign, ast.AnnAssign)) and assignment.value is not None:
                    targets = assignment.targets if isinstance(assignment, ast.Assign) else [assignment.target]
                    for target in targets:
                        if isinstance(target, ast.Name):
                            assignments_by_scope[enclosing(assignment.lineno)][target.id].append(
                                assignment.value)
    
            def statically_assigned_literals(expression: ast.AST | None,
                                              scope: str,
                                              seen: frozenset[str] = frozenset()) -> set[str]:
                if expression is None:
                    return set()
                if isinstance(expression, ast.Constant) and isinstance(expression.value, str):
                    return {expression.value}
                if (isinstance(expression, ast.Call)
                        and _qualified_call_name(expression.func) in {"Path", "pathlib.Path"}
                        and expression.args):
                    return statically_assigned_literals(expression.args[0], scope, seen)
                if isinstance(expression, ast.Name) and expression.id not in seen:
                    values = (assignments_by_scope[scope].get(expression.id, [])
                              or assignments_by_scope["<module>"].get(expression.id, []))
                    return set().union(*(
                        statically_assigned_literals(value, scope, seen | {expression.id})
                        for value in values
                    )) if values else set()
                if isinstance(expression, ast.BinOp) and isinstance(expression.op, ast.Div):
                    left = statically_assigned_literals(expression.left, scope, seen)
                    right = statically_assigned_literals(expression.right, scope, seen)
                    return {str(Path(a) / b) for a in left for b in right}
                if isinstance(expression, ast.IfExp):
                    return (statically_assigned_literals(expression.body, scope, seen)
                            | statically_assigned_literals(expression.orelse, scope, seen))
                return set()
    
            def assignment_origin_expressions(expression: ast.AST | None, scope: str,
                                              seen: frozenset[str] = frozenset()) -> set[str]:
                if expression is None:
                    return set()
                result: set[str] = set()
                for name_node in (node for node in ast.walk(expression) if isinstance(node, ast.Name)):
                    if name_node.id in seen:
                        continue
                    values = (assignments_by_scope[scope].get(name_node.id, [])
                              or assignments_by_scope["<module>"].get(name_node.id, []))
                    for value in values:
                        result.add(f"{name_node.id}={ast.unparse(value)}")
                        result.update(assignment_origin_expressions(
                            value, scope, seen | {name_node.id}))
                return result
    
            def assignment_origin_string_literals(
                    expression: ast.AST | None, scope: str,
                    seen: frozenset[str] = frozenset()) -> set[str]:
                if expression is None:
                    return set()
                result = {node.value for node in ast.walk(expression)
                          if isinstance(node, ast.Constant) and isinstance(node.value, str)}
                for name_node in (node for node in ast.walk(expression)
                                  if isinstance(node, ast.Name)):
                    if name_node.id in seen:
                        continue
                    values = (assignments_by_scope[scope].get(name_node.id, [])
                              or assignments_by_scope["<module>"].get(name_node.id, []))
                    for value in values:
                        result.update(assignment_origin_string_literals(
                            value, scope, seen | {name_node.id}))
                return result
            dangerous_attributes = (process_calls | file_calls | library_calls | network_calls
                                    | network_leaf_calls)
            dangerous_leaf_names = {value.rsplit(".", 1)[-1] for value in dangerous_attributes}
            call_aliases: dict[str, str] = {}
            module_aliases: dict[str, str] = {}
            for candidate in ast.walk(tree):
                if isinstance(candidate, ast.Import):
                    for alias in candidate.names:
                        head = alias.name.split(".", 1)[0]
                        if head in {"subprocess", "os", "socket", "ctypes", "io", "pathlib", "importlib"}:
                            module_aliases[alias.asname or head] = head
                elif isinstance(candidate, ast.ImportFrom) and candidate.module == "pathlib":
                    for alias in candidate.names:
                        if alias.name == "Path":
                            module_aliases[alias.asname or alias.name] = "Path"
            def normalize_call(value: str | None) -> str | None:
                if value is None:
                    return None
                head, separator, tail = value.partition(".")
                replacement = module_aliases.get(head)
                return f"{replacement}{separator}{tail}" if replacement is not None else value
            for candidate in ast.walk(tree):
                if isinstance(candidate, (ast.Assign, ast.AnnAssign)):
                    value = candidate.value
                    qualified = normalize_call(_qualified_call_name(value)) if value is not None else None
                    if qualified in dangerous_attributes:
                        targets = (candidate.targets if isinstance(candidate, ast.Assign)
                                   else [candidate.target])
                        if len(targets) != 1 or not isinstance(targets[0], ast.Name):
                            raise ValueError(f"indirect dangerous-call alias is forbidden: "
                                             f"{relative}:{candidate.lineno}")
                        call_aliases[targets[0].id] = qualified
                elif isinstance(candidate, ast.ImportFrom) and candidate.module in {
                        "subprocess", "ctypes", "socket", "pathlib", "os", "io"}:
                    for alias in candidate.names:
                        qualified = f"{candidate.module}.{alias.name}"
                        if qualified in dangerous_attributes:
                            call_aliases[alias.asname or alias.name] = qualified
            imports: list[tuple[str, int]] = []
            for node in ast.walk(tree):
                if isinstance(node, ast.Import):
                    imports.extend((alias.name, node.lineno) for alias in node.names)
                elif isinstance(node, ast.ImportFrom):
                    if node.level:
                        raise ValueError(f"relative local import is not supported by frozen resolver: {relative}:{node.lineno}")
                    if node.module:
                        imports.append((node.module, node.lineno))
                elif isinstance(node, ast.Call):
                    name = normalize_call(_qualified_call_name(node.func))
                    planted_probe_scope = (relative in {
                        "scripts/msae_independent_measurement_v3_post_m1_runtime.py",
                        "scripts/msae_independent_measurement_v3_post_m2_gen9_runtime.py"} and
                        enclosing(node.lineno) == "cpu_no_model_public_entry_trace")
                    if isinstance(node.func, (ast.Call, ast.Subscript, ast.Lambda)) and not planted_probe_scope:
                        raise ValueError(f"unresolved dynamic callable is forbidden: {relative}:{node.lineno}")
                    if name in {"eval", "exec", "compile"}:
                        raise ValueError(f"runtime code evaluation is forbidden: {relative}:{node.lineno}:{name}")
                    if name == "getattr":
                        if len(node.args) < 2 or not isinstance(node.args[1], ast.Constant) or \
                                not isinstance(node.args[1].value, str):
                            allowed_dynamic_getattr = {
                                ("scripts/msae_independent_measurement_v3_post_m1.py", "__getattr__"),
                                ("scripts/msae_independent_measurement_v3_post_m1_runtime.py",
                                 "verify_authorization"),
                                ("scripts/msae_independent_measurement_v3_post_m2_gen9_runtime.py",
                                 "verify_authorization"),
                            }
                            if (relative, enclosing(node.lineno)) not in allowed_dynamic_getattr:
                                raise ValueError(f"dynamic getattr dispatch is forbidden: {relative}:{node.lineno}")
                        elif node.args[1].value in dangerous_leaf_names and not planted_probe_scope:
                            raise ValueError(f"indirect dangerous getattr is forbidden: "
                                             f"{relative}:{node.lineno}:{node.args[1].value}")
                    if name in call_aliases:
                        name = call_aliases[name]
                    if name in {"__import__", "importlib.import_module"}:
                        raise ValueError(f"dynamic import is forbidden: {relative}:{node.lineno}:{name}")
                    if name in {"importlib.util.spec_from_file_location",
                                "continuation.source_only_module_spec"}:
                        scope = enclosing(node.lineno)
                        if len(node.args) < 2:
                            raise ValueError(
                                f"dynamic import lacks an exact path argument: {relative}:{node.lineno}")
                        argument_expression = ast.unparse(node.args[1])
                        mapping = dynamic_import_mappings.get(
                            (relative, scope, argument_expression))
                        if mapping is None:
                            raise ValueError(
                                f"dynamic import site lacks an exact mapping: "
                                f"{relative}:{scope}:{argument_expression}")
                        target, required_origin_literal = mapping
                        origin_literals = assignment_origin_string_literals(
                            node.args[1], scope)
                        if required_origin_literal not in origin_literals:
                            raise ValueError(
                                f"dynamic import target origin drift: {relative}:{scope}:"
                                f"{argument_expression}:{sorted(origin_literals)}")
                        dynamic_imports.append({"path": relative, "line": node.lineno,
                                                "operation": name,
                                                "argument_expression": argument_expression,
                                                "assignment_origin_literals": sorted(origin_literals),
                                                "finite_mapping": [target]})
                    leaf = node.func.attr if isinstance(node.func, ast.Attribute) else None
                    helper_leaf = (node.func.attr if isinstance(node.func, ast.Attribute)
                                   else node.func.id if isinstance(node.func, ast.Name) else None)
                    helper_path_bindings = path_taking_helpers.get(str(helper_leaf), ())
                    helper_path_indices = tuple(index for index, _ in helper_path_bindings)
                    category = ("process" if name in process_calls else
                                "file" if name in file_calls or
                                helper_path_indices or
                                (leaf in
                                 {"open", "read_bytes", "read_text", "write_bytes", "write_text",
                                  "unlink", "mkdir", "rename", "replace", "rmdir", "exists",
                                  "is_file", "is_dir", "is_symlink", "stat", "lstat", "iterdir",
                                  "rglob", "glob", "resolve", "ftruncate", "fchmod", "close",
                                  "remove", "chmod", "readlink", "rmtree"}) else
                                "library" if name in library_calls else
                                "network" if name in network_calls or leaf in network_leaf_calls else None)
                    if category is not None:
                        # This one function contains deliberately forbidden calls
                        # executed only after all real surfaces are monkeypatched;
                        # they are behavioral negative fixtures, never allowlist
                        # entries.
                        if planted_probe_scope:
                            continue
                        if name == "os.system" or any(keyword.arg == "shell" and
                                                       isinstance(keyword.value, ast.Constant) and
                                                       keyword.value.value is True
                                                       for keyword in node.keywords):
                            raise ValueError(f"shell expansion is forbidden: {relative}:{node.lineno}")
                        if category == "network" and name == "socket.socket":
                            explicit_unix = (bool(node.args)
                                and isinstance(node.args[0], ast.Attribute)
                                and _qualified_call_name(node.args[0]) == "socket.AF_UNIX")
                            typed_inherited_fd = (not node.args
                                and len(node.keywords) == 1
                                and node.keywords[0].arg == "fileno")
                            if not (explicit_unix or typed_inherited_fd):
                                raise ValueError(
                                    f"non-UNIX network surface is forbidden: {relative}:{node.lineno}")
                        literal = None
                        file_literal = None
                        scope = enclosing(node.lineno)
                        path_argument_index = helper_path_indices[0] if helper_path_indices else 0
                        path_argument: ast.AST | None = (
                            node.args[path_argument_index]
                            if len(node.args) > path_argument_index else None)
                        if path_argument is None and helper_path_bindings:
                            keyword_names = {name for index, name in helper_path_bindings
                                             if index == path_argument_index}
                            matches = [keyword.value for keyword in node.keywords
                                       if keyword.arg in keyword_names]
                            if len(matches) == 1:
                                path_argument = matches[0]
                        if (path_argument is None and category == "file"
                                and isinstance(node.func, ast.Attribute)
                                and not (name or "").startswith(("os.", "io."))):
                            path_argument = node.func.value
                        if path_argument is not None:
                            first = path_argument
                            if isinstance(first, ast.Constant) and isinstance(first.value, (str, type(None))):
                                literal = first.value
                            elif (isinstance(first, (ast.List, ast.Tuple)) and first.elts
                                  and isinstance(first.elts[0], ast.Constant)
                                  and isinstance(first.elts[0].value, (str, type(None)))):
                                literal = first.elts[0].value
                            elif (isinstance(first, ast.Call)
                                  and _qualified_call_name(first.func) in {"Path", "pathlib.Path"}
                                  and first.args and isinstance(first.args[0], ast.Constant)
                                  and isinstance(first.args[0].value, str)):
                                literal = first.args[0].value
                        receiver_literal = None
                        if (category == "file" and isinstance(node.func, ast.Attribute)
                                and isinstance(node.func.value, ast.Call)
                                and _qualified_call_name(node.func.value.func) == "Path"
                                and node.func.value.args
                                and isinstance(node.func.value.args[0], ast.Constant)
                                and isinstance(node.func.value.args[0].value, str)):
                            receiver_literal = node.func.value.args[0].value
                        file_literal = receiver_literal if receiver_literal is not None else literal
                        if (category == "file" and isinstance(file_literal, str)
                                and os.path.isabs(file_literal)
                                and file_literal not in allowed_absolute_file_literals):
                            raise ValueError(f"absolute file literal is outside the typed finite registry: "
                                             f"{relative}:{node.lineno}:{file_literal}")
                        assigned_literals = statically_assigned_literals(path_argument, scope)
                        forbidden_assigned = sorted(
                            value for value in assigned_literals
                            if os.path.isabs(value) and value not in allowed_absolute_file_literals
                        )
                        if forbidden_assigned and not planted_probe_scope:
                            raise ValueError(
                                "dynamic file value has an assigned literal outside the finite registry: "
                                f"{relative}:{scope}:{node.lineno}:{forbidden_assigned}")
                        if category == "process" and literal is not None:
                            if not isinstance(literal, str) or literal not in allowed_process_literals:
                                raise ValueError(
                                    f"process target is outside the static allowlist: "
                                    f"{relative}:{node.lineno}:{literal!r}")
                        if category == "library" and literal is not None:
                            raise ValueError(
                                f"literal dlopen target is outside the distribution/ELF closure: "
                                f"{relative}:{node.lineno}:{literal!r}")
                        finite_mapping: list[Any]
                        if category == "file":
                            finite_mapping = dynamic_file_mapping
                        elif category == "process":
                            finite_mapping = ["typed_registry:msae_v3_finite_process_registry_v1"]
                        elif category == "network":
                            finite_mapping = (["AF_UNIX"] if name == "socket.socket" else
                                              ["typed_registry:unix_socket_path_or_bound_socket"])
                        elif category == "library":
                            if not node.args or not isinstance(node.args[0], ast.Constant) or node.args[0].value is not None:
                                raise ValueError(
                                    f"dynamic dlopen site lacks a finite mapping: {relative}:{node.lineno}")
                            finite_mapping = ["process_global_libc"]
                        else:
                            finite_mapping = dynamic_file_mapping
                        site_payload = {"path": relative, "function": scope,
                                        "category": category,
                                        "operation": name if name is not None else f"<dynamic>.{leaf}",
                                        "receiver_expression": (ast.unparse(node.func.value)
                                                                if isinstance(node.func, ast.Attribute)
                                                                else None),
                                        "argument_expression": (
                                            ast.unparse(path_argument)
                                            if path_argument is not None else None),
                                        "assignment_origin_expressions": sorted(
                                            assignment_origin_expressions(path_argument, scope))}
                        site_id = base.sha_bytes(base.canonical_bytes(site_payload))
                        if category == "file" and file_literal is None:
                            if site_id not in FROZEN_DYNAMIC_FILE_SITE_BINDING_IDS:
>                               raise ValueError(
                                    "dynamic file site lacks a reviewed typed-field binding: "
                                    f"{relative}:{scope}:{node.lineno}:{site_id}")
E                               ValueError: dynamic file site lacks a reviewed typed-field binding: scripts/msae_independent_measurement_v3_post_m2_gen9.py:_source_only_bytes:47:fc487f87e3ffe2ff6c95508dd06238461554747408d99760c6679a17c69d2fa8

scripts/msae_independent_measurement_v3_post_m2_gen9_runtime.py:9930: ValueError
_________ test_static_dynamic_imports_have_exact_site_specific_targets _________

tmp_path = PosixPath('/tmp/pytest-of-f004ndc/pytest-5/test_static_dynamic_imports_ha0')

    def test_static_dynamic_imports_have_exact_site_specific_targets(tmp_path):
        import shutil
>       value = runtime._static_closure_analysis()

tests/test_msae_independent_measurement_v3_post_m9_gen9.py:2287: 
_ _ _ _ _ _ _ _ _ _ _ _ _ _ _ _ _ _ _ _ _ _ _ _ _ _ _ _ _ _ _ _ _ _ _ _ _ _ _ _ 

    def _static_closure_analysis(*, root: Path = ROOT) -> dict[str, Any]:
        """Recursively resolve local imports and statically close dangerous surfaces."""
        queue = list(LOCAL_PYTHON_ENTRYPOINTS)
        parsed: dict[str, ast.Module] = {}
        import_edges: list[dict[str, str]] = []
        external_modules: set[str] = set()
        surfaces: list[dict[str, Any]] = []
        dynamic_imports: list[dict[str, Any]] = []
        process_calls = {"subprocess.run", "subprocess.check_output", "subprocess.check_call",
                         "subprocess.Popen", "os.execve", "os.execv", "os.execl", "os.system"}
        file_calls = {"open", "io.open", "os.open", "os.read", "os.write", "os.lseek",
                      "os.fstat", "os.fsync", "os.ftruncate", "os.fchmod", "os.close",
                      "os.mkdir", "os.rename", "os.replace", "os.unlink", "os.remove",
                      "os.stat", "os.lstat", "os.readlink", "os.chmod",
                      "os.scandir", "os.walk", "os.listdir", "shutil.rmtree",
                      "Path.open", "Path.read_bytes", "Path.read_text", "Path.write_bytes",
                      "Path.write_text", "Path.unlink", "Path.mkdir", "Path.rename",
                      "Path.replace", "Path.rmdir", "Path.exists", "Path.is_file",
                      "Path.is_dir", "Path.is_symlink", "Path.stat", "Path.lstat",
                      "Path.iterdir", "Path.rglob", "Path.glob", "Path.resolve"}
        library_calls = {"ctypes.CDLL", "ctypes.PyDLL", "ctypes.cdll.LoadLibrary"}
        network_calls = {"socket.socket", "socket.create_connection"}
        network_leaf_calls = {"connect", "bind", "listen", "accept", "sendall", "sendmsg",
                              "recv", "recvmsg", "getsockopt", "settimeout"}
        allowed_process_literals = {"/usr/bin/bash", "/usr/bin/git", "/usr/bin/ldd",
                                    "/usr/bin/nvidia-smi", "/usr/bin/strace", "/usr/bin/tmux",
                                    str(ROOT / ".venv-atlas/bin/python")}
        allowed_absolute_file_literals = {
                "/", "/proc", "/proc/net/unix", "/proc/self/fd", "/proc/self/maps",
                "/proc/self/mountinfo",
                "/dev/null", "/tmp", "/usr/${LIB}/",
            "/usr/lib/python3.12", "/usr/lib/x86_64-linux-gnu",
            "/usr/lib/x86_64-linux-gnu/libcuda.so.1",
            "/usr/lib/python3.12/site-packages", "/usr/local/lib/python3.12/dist-packages",
            "/usr/lib/python3/dist-packages", "/usr/bin/bash", "/usr/bin/git",
            "/usr/bin/ldd", "/usr/bin/nvidia-smi", "/usr/bin/strace", "/usr/bin/tmux",
                str(ROOT / ".venv-atlas/bin/python"), str(base.SNAPSHOT), str(ACTIVE_PRIVATE_KEY),
                str(PLAN_PATH), str(continuation.CONTROLLER_PATH), str(RUNTIME),
                str(RUNNER), str(LAUNCHER), str(TMUX_TEST_SUPERVISOR),
                str(RUNTIME_RFC), str(RUNTIME_TEST),
            str(base.PRIVATE_KEY), str(base.PRIMARY_BUILD_ROOT), str(base.REBUILD_BUILD_ROOT),
            str(base.STATE_ROOT), str(base.NONCE_DIR.parent), str(base.NONCE_DIR),
                str(base.GPU_LOCK_DIR), str(base.RUN_ROOT),
                    str(ACTIVE_CONFIG), str(ACTIVE_PROV), str(ACTIVE_M4_DATA),
                    str(ACTIVE_STATE), str(ACTIVE_NONCE_DIR),
                    str(ACTIVE_RUN_ROOT), str(SIGN_TRANSACTION),
                    str(M4_PRIMARY), str(M4_REBUILD), str(M4_TRANSACTION),
                    str(SETUP_JOURNAL), str(SETUP_MANIFEST),
                    str(SETUP_KEY_TRANSACTION),
                    str(SETUP_KEY_TRANSACTION / "private_key.payload"),
                    str(SETUP_KEY_TRANSACTION / "key_binding.json"),
                    str(CAPABILITY_ANALYSIS_ROOT), str(CAPABILITY_TRANSACTION),
                    str(CAPABILITY_REPORT), str(CAPABILITY_PROBE_ROOT),
                    str(CAPABILITY_PROBE_ROOT / "gen9_staging.json"),
                    str(CAPABILITY_PROBE_ROOT / "gen9_destination.json"),
                    str(NFS_PUBLISHER_TEST_ROOT), str(LOCAL_REJECTION_TEST_ROOT),
            str(predecessor_runtime.ACTIVE_PRIVATE_KEY),
            str(predecessor_runtime.ACTIVE_STATE), str(predecessor_runtime.ACTIVE_NONCE_DIR),
            str(predecessor_runtime.M4_PRIMARY), str(predecessor_runtime.M4_REBUILD),
            str(predecessor_runtime.ACTIVE_RUN_ROOT),
            "/tmp/msae_independent_measurement_v3_gen2_failure_reproduction",
            ("/tmp/msae_independent_measurement_v3_gen2_failure_reproduction/"
             ".venv-atlas/bin/python"),
            "/tmp/msae_surface_probe_check.json", "/tmp/msae_surface_probe_trace.log",
        }
        dynamic_process_mappings = {
            ("scripts/msae_independent_measurement_v3.py", "prescore_traced_check", "subprocess.run"):
                ["/usr/bin/strace"],
            ("scripts/msae_independent_measurement_v3.py", "broker", "os.execve"):
                [str(ROOT / ".venv-atlas/bin/python")],
            ("scripts/msae_independent_measurement_v3_post_m1_runtime.py",
             "_prescore_traced_check_impl", "subprocess.run"): ["/usr/bin/strace"],
            ("scripts/msae_independent_measurement_v3_post_m1_runtime.py", "broker", "os.execve"):
                [str(ROOT / ".venv-atlas/bin/python")],
            ("scripts/msae_independent_measurement_v3_post_m1_runtime.py",
             "_supervise_broker_process", "subprocess.Popen"):
                [str(ROOT / ".venv-atlas/bin/python")],
            ("scripts/msae_independent_measurement_v3_post_m2_gen9_runtime.py",
             "_prescore_traced_check_impl", "subprocess.run"): ["/usr/bin/strace"],
            ("scripts/msae_independent_measurement_v3_post_m2_gen9_runtime.py", "broker", "os.execve"):
                [str(ROOT / ".venv-atlas/bin/python")],
            ("scripts/msae_independent_measurement_v3_post_m2_gen9_runtime.py",
             "_supervise_broker_process", "subprocess.Popen"):
                [str(ROOT / ".venv-atlas/bin/python")],
            ("scripts/msae_independent_measurement_v3_post_m2_gen9_runtime.py",
             "_run_tmux_client", "subprocess.Popen"):
                ["/usr/bin/tmux"],
        }
        dynamic_import_mappings = {
            ("scripts/msae_independent_measurement_v3_post_m1_runtime.py",
             "cpu_no_model_public_entry_trace", "runner_path"):
                ("scripts/run_msae_independent_calibration_v3.py",
                 "scripts/run_msae_independent_calibration_v3.py"),
            ("scripts/msae_independent_measurement_v3_post_m1_runtime.py",
             "_rooted_generic_build_stage_a", "dependency_path"):
                ("scripts/msae_measurement_v2.py", "msae_measurement_v2.py"),
            ("scripts/msae_independent_measurement_v3_post_m1_runtime.py",
             "_rooted_generic_build_stage_a", "builder_path"):
                ("scripts/msae_measurement_remediation_v1.py",
                 "msae_measurement_remediation_v1.py"),
            ("scripts/msae_independent_measurement_v3_post_m2_gen9_runtime.py",
             "_rooted_generic_protocol_config", "builder_path"):
                ("scripts/msae_independent_measurement_v3.py",
                 "scripts/msae_independent_measurement_v3.py"),
            ("scripts/msae_independent_measurement_v3_post_m2_gen9_runtime.py",
             "_rebuild_generic_config_at_synthetic_root", "builder_path"):
                ("scripts/msae_independent_measurement_v3.py",
                 "scripts/msae_independent_measurement_v3.py"),
            ("scripts/msae_independent_measurement_v3_post_m2_gen9_runtime.py",
             "cpu_no_model_public_entry_trace", "runner_path"):
                ("scripts/run_msae_independent_calibration_v3_gen9.py",
                 "scripts/run_msae_independent_calibration_v3_gen9.py"),
            ("scripts/msae_independent_measurement_v3_post_m2_gen9_runtime.py",
             "_rooted_generic_build_stage_a", "dependency_path"):
                ("scripts/msae_measurement_v2.py", "msae_measurement_v2.py"),
            ("scripts/msae_independent_measurement_v3_post_m2_gen9_runtime.py",
             "_rooted_generic_build_stage_a", "builder_path"):
                ("scripts/msae_measurement_remediation_v1.py",
                 "msae_measurement_remediation_v1.py"),
        }
        # The exact canonical paths are enumerated separately in the closure's
        # typed finite-file registry.  Sites bind this registry identifier rather
        # than broad directory prefixes; the behavioral trace checks every observed
        # request against the registry entries.
        dynamic_file_mapping = ["typed_registry:msae_v3_finite_file_registry_v1"]
        path_taking_helpers = _path_taking_local_helpers(root=root)
        while queue:
            relative = queue.pop(0)
            if relative in parsed:
                continue
            path = root / relative
            tree = ast.parse(path.read_text(encoding="utf-8"), filename=relative)
            parsed[relative] = tree
            scopes = [(node.lineno, node.end_lineno or node.lineno, node.name)
                      for node in ast.walk(tree)
                      if isinstance(node, (ast.FunctionDef, ast.AsyncFunctionDef))]
            def enclosing(line: int) -> str:
                candidates = [(end - start, name) for start, end, name in scopes
                              if start <= line <= end]
                return min(candidates)[1] if candidates else "<module>"
            assignments_by_scope: dict[str, dict[str, list[ast.AST]]] = collections.defaultdict(
                lambda: collections.defaultdict(list))
            for assignment in ast.walk(tree):
                if isinstance(assignment, (ast.Assign, ast.AnnAssign)) and assignment.value is not None:
                    targets = assignment.targets if isinstance(assignment, ast.Assign) else [assignment.target]
                    for target in targets:
                        if isinstance(target, ast.Name):
                            assignments_by_scope[enclosing(assignment.lineno)][target.id].append(
                                assignment.value)
    
            def statically_assigned_literals(expression: ast.AST | None,
                                              scope: str,
                                              seen: frozenset[str] = frozenset()) -> set[str]:
                if expression is None:
                    return set()
                if isinstance(expression, ast.Constant) and isinstance(expression.value, str):
                    return {expression.value}
                if (isinstance(expression, ast.Call)
                        and _qualified_call_name(expression.func) in {"Path", "pathlib.Path"}
                        and expression.args):
                    return statically_assigned_literals(expression.args[0], scope, seen)
                if isinstance(expression, ast.Name) and expression.id not in seen:
                    values = (assignments_by_scope[scope].get(expression.id, [])
                              or assignments_by_scope["<module>"].get(expression.id, []))
                    return set().union(*(
                        statically_assigned_literals(value, scope, seen | {expression.id})
                        for value in values
                    )) if values else set()
                if isinstance(expression, ast.BinOp) and isinstance(expression.op, ast.Div):
                    left = statically_assigned_literals(expression.left, scope, seen)
                    right = statically_assigned_literals(expression.right, scope, seen)
                    return {str(Path(a) / b) for a in left for b in right}
                if isinstance(expression, ast.IfExp):
                    return (statically_assigned_literals(expression.body, scope, seen)
                            | statically_assigned_literals(expression.orelse, scope, seen))
                return set()
    
            def assignment_origin_expressions(expression: ast.AST | None, scope: str,
                                              seen: frozenset[str] = frozenset()) -> set[str]:
                if expression is None:
                    return set()
                result: set[str] = set()
                for name_node in (node for node in ast.walk(expression) if isinstance(node, ast.Name)):
                    if name_node.id in seen:
                        continue
                    values = (assignments_by_scope[scope].get(name_node.id, [])
                              or assignments_by_scope["<module>"].get(name_node.id, []))
                    for value in values:
                        result.add(f"{name_node.id}={ast.unparse(value)}")
                        result.update(assignment_origin_expressions(
                            value, scope, seen | {name_node.id}))
                return result
    
            def assignment_origin_string_literals(
                    expression: ast.AST | None, scope: str,
                    seen: frozenset[str] = frozenset()) -> set[str]:
                if expression is None:
                    return set()
                result = {node.value for node in ast.walk(expression)
                          if isinstance(node, ast.Constant) and isinstance(node.value, str)}
                for name_node in (node for node in ast.walk(expression)
                                  if isinstance(node, ast.Name)):
                    if name_node.id in seen:
                        continue
                    values = (assignments_by_scope[scope].get(name_node.id, [])
                              or assignments_by_scope["<module>"].get(name_node.id, []))
                    for value in values:
                        result.update(assignment_origin_string_literals(
                            value, scope, seen | {name_node.id}))
                return result
            dangerous_attributes = (process_calls | file_calls | library_calls | network_calls
                                    | network_leaf_calls)
            dangerous_leaf_names = {value.rsplit(".", 1)[-1] for value in dangerous_attributes}
            call_aliases: dict[str, str] = {}
            module_aliases: dict[str, str] = {}
            for candidate in ast.walk(tree):
                if isinstance(candidate, ast.Import):
                    for alias in candidate.names:
                        head = alias.name.split(".", 1)[0]
                        if head in {"subprocess", "os", "socket", "ctypes", "io", "pathlib", "importlib"}:
                            module_aliases[alias.asname or head] = head
                elif isinstance(candidate, ast.ImportFrom) and candidate.module == "pathlib":
                    for alias in candidate.names:
                        if alias.name == "Path":
                            module_aliases[alias.asname or alias.name] = "Path"
            def normalize_call(value: str | None) -> str | None:
                if value is None:
                    return None
                head, separator, tail = value.partition(".")
                replacement = module_aliases.get(head)
                return f"{replacement}{separator}{tail}" if replacement is not None else value
            for candidate in ast.walk(tree):
                if isinstance(candidate, (ast.Assign, ast.AnnAssign)):
                    value = candidate.value
                    qualified = normalize_call(_qualified_call_name(value)) if value is not None else None
                    if qualified in dangerous_attributes:
                        targets = (candidate.targets if isinstance(candidate, ast.Assign)
                                   else [candidate.target])
                        if len(targets) != 1 or not isinstance(targets[0], ast.Name):
                            raise ValueError(f"indirect dangerous-call alias is forbidden: "
                                             f"{relative}:{candidate.lineno}")
                        call_aliases[targets[0].id] = qualified
                elif isinstance(candidate, ast.ImportFrom) and candidate.module in {
                        "subprocess", "ctypes", "socket", "pathlib", "os", "io"}:
                    for alias in candidate.names:
                        qualified = f"{candidate.module}.{alias.name}"
                        if qualified in dangerous_attributes:
                            call_aliases[alias.asname or alias.name] = qualified
            imports: list[tuple[str, int]] = []
            for node in ast.walk(tree):
                if isinstance(node, ast.Import):
                    imports.extend((alias.name, node.lineno) for alias in node.names)
                elif isinstance(node, ast.ImportFrom):
                    if node.level:
                        raise ValueError(f"relative local import is not supported by frozen resolver: {relative}:{node.lineno}")
                    if node.module:
                        imports.append((node.module, node.lineno))
                elif isinstance(node, ast.Call):
                    name = normalize_call(_qualified_call_name(node.func))
                    planted_probe_scope = (relative in {
                        "scripts/msae_independent_measurement_v3_post_m1_runtime.py",
                        "scripts/msae_independent_measurement_v3_post_m2_gen9_runtime.py"} and
                        enclosing(node.lineno) == "cpu_no_model_public_entry_trace")
                    if isinstance(node.func, (ast.Call, ast.Subscript, ast.Lambda)) and not planted_probe_scope:
                        raise ValueError(f"unresolved dynamic callable is forbidden: {relative}:{node.lineno}")
                    if name in {"eval", "exec", "compile"}:
                        raise ValueError(f"runtime code evaluation is forbidden: {relative}:{node.lineno}:{name}")
                    if name == "getattr":
                        if len(node.args) < 2 or not isinstance(node.args[1], ast.Constant) or \
                                not isinstance(node.args[1].value, str):
                            allowed_dynamic_getattr = {
                                ("scripts/msae_independent_measurement_v3_post_m1.py", "__getattr__"),
                                ("scripts/msae_independent_measurement_v3_post_m1_runtime.py",
                                 "verify_authorization"),
                                ("scripts/msae_independent_measurement_v3_post_m2_gen9_runtime.py",
                                 "verify_authorization"),
                            }
                            if (relative, enclosing(node.lineno)) not in allowed_dynamic_getattr:
                                raise ValueError(f"dynamic getattr dispatch is forbidden: {relative}:{node.lineno}")
                        elif node.args[1].value in dangerous_leaf_names and not planted_probe_scope:
                            raise ValueError(f"indirect dangerous getattr is forbidden: "
                                             f"{relative}:{node.lineno}:{node.args[1].value}")
                    if name in call_aliases:
                        name = call_aliases[name]
                    if name in {"__import__", "importlib.import_module"}:
                        raise ValueError(f"dynamic import is forbidden: {relative}:{node.lineno}:{name}")
                    if name in {"importlib.util.spec_from_file_location",
                                "continuation.source_only_module_spec"}:
                        scope = enclosing(node.lineno)
                        if len(node.args) < 2:
                            raise ValueError(
                                f"dynamic import lacks an exact path argument: {relative}:{node.lineno}")
                        argument_expression = ast.unparse(node.args[1])
                        mapping = dynamic_import_mappings.get(
                            (relative, scope, argument_expression))
                        if mapping is None:
                            raise ValueError(
                                f"dynamic import site lacks an exact mapping: "
                                f"{relative}:{scope}:{argument_expression}")
                        target, required_origin_literal = mapping
                        origin_literals = assignment_origin_string_literals(
                            node.args[1], scope)
                        if required_origin_literal not in origin_literals:
                            raise ValueError(
                                f"dynamic import target origin drift: {relative}:{scope}:"
                                f"{argument_expression}:{sorted(origin_literals)}")
                        dynamic_imports.append({"path": relative, "line": node.lineno,
                                                "operation": name,
                                                "argument_expression": argument_expression,
                                                "assignment_origin_literals": sorted(origin_literals),
                                                "finite_mapping": [target]})
                    leaf = node.func.attr if isinstance(node.func, ast.Attribute) else None
                    helper_leaf = (node.func.attr if isinstance(node.func, ast.Attribute)
                                   else node.func.id if isinstance(node.func, ast.Name) else None)
                    helper_path_bindings = path_taking_helpers.get(str(helper_leaf), ())
                    helper_path_indices = tuple(index for index, _ in helper_path_bindings)
                    category = ("process" if name in process_calls else
                                "file" if name in file_calls or
                                helper_path_indices or
                                (leaf in
                                 {"open", "read_bytes", "read_text", "write_bytes", "write_text",
                                  "unlink", "mkdir", "rename", "replace", "rmdir", "exists",
                                  "is_file", "is_dir", "is_symlink", "stat", "lstat", "iterdir",
                                  "rglob", "glob", "resolve", "ftruncate", "fchmod", "close",
                                  "remove", "chmod", "readlink", "rmtree"}) else
                                "library" if name in library_calls else
                                "network" if name in network_calls or leaf in network_leaf_calls else None)
                    if category is not None:
                        # This one function contains deliberately forbidden calls
                        # executed only after all real surfaces are monkeypatched;
                        # they are behavioral negative fixtures, never allowlist
                        # entries.
                        if planted_probe_scope:
                            continue
                        if name == "os.system" or any(keyword.arg == "shell" and
                                                       isinstance(keyword.value, ast.Constant) and
                                                       keyword.value.value is True
                                                       for keyword in node.keywords):
                            raise ValueError(f"shell expansion is forbidden: {relative}:{node.lineno}")
                        if category == "network" and name == "socket.socket":
                            explicit_unix = (bool(node.args)
                                and isinstance(node.args[0], ast.Attribute)
                                and _qualified_call_name(node.args[0]) == "socket.AF_UNIX")
                            typed_inherited_fd = (not node.args
                                and len(node.keywords) == 1
                                and node.keywords[0].arg == "fileno")
                            if not (explicit_unix or typed_inherited_fd):
                                raise ValueError(
                                    f"non-UNIX network surface is forbidden: {relative}:{node.lineno}")
                        literal = None
                        file_literal = None
                        scope = enclosing(node.lineno)
                        path_argument_index = helper_path_indices[0] if helper_path_indices else 0
                        path_argument: ast.AST | None = (
                            node.args[path_argument_index]
                            if len(node.args) > path_argument_index else None)
                        if path_argument is None and helper_path_bindings:
                            keyword_names = {name for index, name in helper_path_bindings
                                             if index == path_argument_index}
                            matches = [keyword.value for keyword in node.keywords
                                       if keyword.arg in keyword_names]
                            if len(matches) == 1:
                                path_argument = matches[0]
                        if (path_argument is None and category == "file"
                                and isinstance(node.func, ast.Attribute)
                                and not (name or "").startswith(("os.", "io."))):
                            path_argument = node.func.value
                        if path_argument is not None:
                            first = path_argument
                            if isinstance(first, ast.Constant) and isinstance(first.value, (str, type(None))):
                                literal = first.value
                            elif (isinstance(first, (ast.List, ast.Tuple)) and first.elts
                                  and isinstance(first.elts[0], ast.Constant)
                                  and isinstance(first.elts[0].value, (str, type(None)))):
                                literal = first.elts[0].value
                            elif (isinstance(first, ast.Call)
                                  and _qualified_call_name(first.func) in {"Path", "pathlib.Path"}
                                  and first.args and isinstance(first.args[0], ast.Constant)
                                  and isinstance(first.args[0].value, str)):
                                literal = first.args[0].value
                        receiver_literal = None
                        if (category == "file" and isinstance(node.func, ast.Attribute)
                                and isinstance(node.func.value, ast.Call)
                                and _qualified_call_name(node.func.value.func) == "Path"
                                and node.func.value.args
                                and isinstance(node.func.value.args[0], ast.Constant)
                                and isinstance(node.func.value.args[0].value, str)):
                            receiver_literal = node.func.value.args[0].value
                        file_literal = receiver_literal if receiver_literal is not None else literal
                        if (category == "file" and isinstance(file_literal, str)
                                and os.path.isabs(file_literal)
                                and file_literal not in allowed_absolute_file_literals):
                            raise ValueError(f"absolute file literal is outside the typed finite registry: "
                                             f"{relative}:{node.lineno}:{file_literal}")
                        assigned_literals = statically_assigned_literals(path_argument, scope)
                        forbidden_assigned = sorted(
                            value for value in assigned_literals
                            if os.path.isabs(value) and value not in allowed_absolute_file_literals
                        )
                        if forbidden_assigned and not planted_probe_scope:
                            raise ValueError(
                                "dynamic file value has an assigned literal outside the finite registry: "
                                f"{relative}:{scope}:{node.lineno}:{forbidden_assigned}")
                        if category == "process" and literal is not None:
                            if not isinstance(literal, str) or literal not in allowed_process_literals:
                                raise ValueError(
                                    f"process target is outside the static allowlist: "
                                    f"{relative}:{node.lineno}:{literal!r}")
                        if category == "library" and literal is not None:
                            raise ValueError(
                                f"literal dlopen target is outside the distribution/ELF closure: "
                                f"{relative}:{node.lineno}:{literal!r}")
                        finite_mapping: list[Any]
                        if category == "file":
                            finite_mapping = dynamic_file_mapping
                        elif category == "process":
                            finite_mapping = ["typed_registry:msae_v3_finite_process_registry_v1"]
                        elif category == "network":
                            finite_mapping = (["AF_UNIX"] if name == "socket.socket" else
                                              ["typed_registry:unix_socket_path_or_bound_socket"])
                        elif category == "library":
                            if not node.args or not isinstance(node.args[0], ast.Constant) or node.args[0].value is not None:
                                raise ValueError(
                                    f"dynamic dlopen site lacks a finite mapping: {relative}:{node.lineno}")
                            finite_mapping = ["process_global_libc"]
                        else:
                            finite_mapping = dynamic_file_mapping
                        site_payload = {"path": relative, "function": scope,
                                        "category": category,
                                        "operation": name if name is not None else f"<dynamic>.{leaf}",
                                        "receiver_expression": (ast.unparse(node.func.value)
                                                                if isinstance(node.func, ast.Attribute)
                                                                else None),
                                        "argument_expression": (
                                            ast.unparse(path_argument)
                                            if path_argument is not None else None),
                                        "assignment_origin_expressions": sorted(
                                            assignment_origin_expressions(path_argument, scope))}
                        site_id = base.sha_bytes(base.canonical_bytes(site_payload))
                        if category == "file" and file_literal is None:
                            if site_id not in FROZEN_DYNAMIC_FILE_SITE_BINDING_IDS:
>                               raise ValueError(
                                    "dynamic file site lacks a reviewed typed-field binding: "
                                    f"{relative}:{scope}:{node.lineno}:{site_id}")
E                               ValueError: dynamic file site lacks a reviewed typed-field binding: scripts/msae_independent_measurement_v3_post_m2_gen9.py:_source_only_bytes:47:fc487f87e3ffe2ff6c95508dd06238461554747408d99760c6679a17c69d2fa8

scripts/msae_independent_measurement_v3_post_m2_gen9_runtime.py:9930: ValueError
_ test_static_value_flow_ledger_closes_caller_argv_and_helper_return_bypasses __

tmp_path = PosixPath('/tmp/pytest-of-f004ndc/pytest-5/test_static_value_flow_ledger_0')

    def test_static_value_flow_ledger_closes_caller_argv_and_helper_return_bypasses(tmp_path):
        import shutil
        for relative in runtime.LOCAL_PYTHON_ENTRYPOINTS:
            target = tmp_path / relative
            target.parent.mkdir(parents=True, exist_ok=True)
            shutil.copy2(ROOT / relative, target)
        module = tmp_path / "scripts/msae_independent_measurement_v3_post_m2_gen9_runtime.py"
        original = module.read_text()
        module.write_text(original.replace(
            'argv = [str(ROOT / ".venv-atlas/bin/python"), "-S", "-B", "-I",\n'
            '            str(continuation.CONTROLLER_PATH), "broker-gen9",',
            'argv = ["/bin/false", "-S", "-B", "-I",\n'
            '            str(continuation.CONTROLLER_PATH), "broker-gen9",', 1))
        with pytest.raises(ValueError, match="local value-flow AST ledger drift"):
>           runtime._static_closure_analysis(root=tmp_path)

tests/test_msae_independent_measurement_v3_post_m9_gen9.py:2337: 
_ _ _ _ _ _ _ _ _ _ _ _ _ _ _ _ _ _ _ _ _ _ _ _ _ _ _ _ _ _ _ _ _ _ _ _ _ _ _ _ 

    def _static_closure_analysis(*, root: Path = ROOT) -> dict[str, Any]:
        """Recursively resolve local imports and statically close dangerous surfaces."""
        queue = list(LOCAL_PYTHON_ENTRYPOINTS)
        parsed: dict[str, ast.Module] = {}
        import_edges: list[dict[str, str]] = []
        external_modules: set[str] = set()
        surfaces: list[dict[str, Any]] = []
        dynamic_imports: list[dict[str, Any]] = []
        process_calls = {"subprocess.run", "subprocess.check_output", "subprocess.check_call",
                         "subprocess.Popen", "os.execve", "os.execv", "os.execl", "os.system"}
        file_calls = {"open", "io.open", "os.open", "os.read", "os.write", "os.lseek",
                      "os.fstat", "os.fsync", "os.ftruncate", "os.fchmod", "os.close",
                      "os.mkdir", "os.rename", "os.replace", "os.unlink", "os.remove",
                      "os.stat", "os.lstat", "os.readlink", "os.chmod",
                      "os.scandir", "os.walk", "os.listdir", "shutil.rmtree",
                      "Path.open", "Path.read_bytes", "Path.read_text", "Path.write_bytes",
                      "Path.write_text", "Path.unlink", "Path.mkdir", "Path.rename",
                      "Path.replace", "Path.rmdir", "Path.exists", "Path.is_file",
                      "Path.is_dir", "Path.is_symlink", "Path.stat", "Path.lstat",
                      "Path.iterdir", "Path.rglob", "Path.glob", "Path.resolve"}
        library_calls = {"ctypes.CDLL", "ctypes.PyDLL", "ctypes.cdll.LoadLibrary"}
        network_calls = {"socket.socket", "socket.create_connection"}
        network_leaf_calls = {"connect", "bind", "listen", "accept", "sendall", "sendmsg",
                              "recv", "recvmsg", "getsockopt", "settimeout"}
        allowed_process_literals = {"/usr/bin/bash", "/usr/bin/git", "/usr/bin/ldd",
                                    "/usr/bin/nvidia-smi", "/usr/bin/strace", "/usr/bin/tmux",
                                    str(ROOT / ".venv-atlas/bin/python")}
        allowed_absolute_file_literals = {
                "/", "/proc", "/proc/net/unix", "/proc/self/fd", "/proc/self/maps",
                "/proc/self/mountinfo",
                "/dev/null", "/tmp", "/usr/${LIB}/",
            "/usr/lib/python3.12", "/usr/lib/x86_64-linux-gnu",
            "/usr/lib/x86_64-linux-gnu/libcuda.so.1",
            "/usr/lib/python3.12/site-packages", "/usr/local/lib/python3.12/dist-packages",
            "/usr/lib/python3/dist-packages", "/usr/bin/bash", "/usr/bin/git",
            "/usr/bin/ldd", "/usr/bin/nvidia-smi", "/usr/bin/strace", "/usr/bin/tmux",
                str(ROOT / ".venv-atlas/bin/python"), str(base.SNAPSHOT), str(ACTIVE_PRIVATE_KEY),
                str(PLAN_PATH), str(continuation.CONTROLLER_PATH), str(RUNTIME),
                str(RUNNER), str(LAUNCHER), str(TMUX_TEST_SUPERVISOR),
                str(RUNTIME_RFC), str(RUNTIME_TEST),
            str(base.PRIVATE_KEY), str(base.PRIMARY_BUILD_ROOT), str(base.REBUILD_BUILD_ROOT),
            str(base.STATE_ROOT), str(base.NONCE_DIR.parent), str(base.NONCE_DIR),
                str(base.GPU_LOCK_DIR), str(base.RUN_ROOT),
                    str(ACTIVE_CONFIG), str(ACTIVE_PROV), str(ACTIVE_M4_DATA),
                    str(ACTIVE_STATE), str(ACTIVE_NONCE_DIR),
                    str(ACTIVE_RUN_ROOT), str(SIGN_TRANSACTION),
                    str(M4_PRIMARY), str(M4_REBUILD), str(M4_TRANSACTION),
                    str(SETUP_JOURNAL), str(SETUP_MANIFEST),
                    str(SETUP_KEY_TRANSACTION),
                    str(SETUP_KEY_TRANSACTION / "private_key.payload"),
                    str(SETUP_KEY_TRANSACTION / "key_binding.json"),
                    str(CAPABILITY_ANALYSIS_ROOT), str(CAPABILITY_TRANSACTION),
                    str(CAPABILITY_REPORT), str(CAPABILITY_PROBE_ROOT),
                    str(CAPABILITY_PROBE_ROOT / "gen9_staging.json"),
                    str(CAPABILITY_PROBE_ROOT / "gen9_destination.json"),
                    str(NFS_PUBLISHER_TEST_ROOT), str(LOCAL_REJECTION_TEST_ROOT),
            str(predecessor_runtime.ACTIVE_PRIVATE_KEY),
            str(predecessor_runtime.ACTIVE_STATE), str(predecessor_runtime.ACTIVE_NONCE_DIR),
            str(predecessor_runtime.M4_PRIMARY), str(predecessor_runtime.M4_REBUILD),
            str(predecessor_runtime.ACTIVE_RUN_ROOT),
            "/tmp/msae_independent_measurement_v3_gen2_failure_reproduction",
            ("/tmp/msae_independent_measurement_v3_gen2_failure_reproduction/"
             ".venv-atlas/bin/python"),
            "/tmp/msae_surface_probe_check.json", "/tmp/msae_surface_probe_trace.log",
        }
        dynamic_process_mappings = {
            ("scripts/msae_independent_measurement_v3.py", "prescore_traced_check", "subprocess.run"):
                ["/usr/bin/strace"],
            ("scripts/msae_independent_measurement_v3.py", "broker", "os.execve"):
                [str(ROOT / ".venv-atlas/bin/python")],
            ("scripts/msae_independent_measurement_v3_post_m1_runtime.py",
             "_prescore_traced_check_impl", "subprocess.run"): ["/usr/bin/strace"],
            ("scripts/msae_independent_measurement_v3_post_m1_runtime.py", "broker", "os.execve"):
                [str(ROOT / ".venv-atlas/bin/python")],
            ("scripts/msae_independent_measurement_v3_post_m1_runtime.py",
             "_supervise_broker_process", "subprocess.Popen"):
                [str(ROOT / ".venv-atlas/bin/python")],
            ("scripts/msae_independent_measurement_v3_post_m2_gen9_runtime.py",
             "_prescore_traced_check_impl", "subprocess.run"): ["/usr/bin/strace"],
            ("scripts/msae_independent_measurement_v3_post_m2_gen9_runtime.py", "broker", "os.execve"):
                [str(ROOT / ".venv-atlas/bin/python")],
            ("scripts/msae_independent_measurement_v3_post_m2_gen9_runtime.py",
             "_supervise_broker_process", "subprocess.Popen"):
                [str(ROOT / ".venv-atlas/bin/python")],
            ("scripts/msae_independent_measurement_v3_post_m2_gen9_runtime.py",
             "_run_tmux_client", "subprocess.Popen"):
                ["/usr/bin/tmux"],
        }
        dynamic_import_mappings = {
            ("scripts/msae_independent_measurement_v3_post_m1_runtime.py",
             "cpu_no_model_public_entry_trace", "runner_path"):
                ("scripts/run_msae_independent_calibration_v3.py",
                 "scripts/run_msae_independent_calibration_v3.py"),
            ("scripts/msae_independent_measurement_v3_post_m1_runtime.py",
             "_rooted_generic_build_stage_a", "dependency_path"):
                ("scripts/msae_measurement_v2.py", "msae_measurement_v2.py"),
            ("scripts/msae_independent_measurement_v3_post_m1_runtime.py",
             "_rooted_generic_build_stage_a", "builder_path"):
                ("scripts/msae_measurement_remediation_v1.py",
                 "msae_measurement_remediation_v1.py"),
            ("scripts/msae_independent_measurement_v3_post_m2_gen9_runtime.py",
             "_rooted_generic_protocol_config", "builder_path"):
                ("scripts/msae_independent_measurement_v3.py",
                 "scripts/msae_independent_measurement_v3.py"),
            ("scripts/msae_independent_measurement_v3_post_m2_gen9_runtime.py",
             "_rebuild_generic_config_at_synthetic_root", "builder_path"):
                ("scripts/msae_independent_measurement_v3.py",
                 "scripts/msae_independent_measurement_v3.py"),
            ("scripts/msae_independent_measurement_v3_post_m2_gen9_runtime.py",
             "cpu_no_model_public_entry_trace", "runner_path"):
                ("scripts/run_msae_independent_calibration_v3_gen9.py",
                 "scripts/run_msae_independent_calibration_v3_gen9.py"),
            ("scripts/msae_independent_measurement_v3_post_m2_gen9_runtime.py",
             "_rooted_generic_build_stage_a", "dependency_path"):
                ("scripts/msae_measurement_v2.py", "msae_measurement_v2.py"),
            ("scripts/msae_independent_measurement_v3_post_m2_gen9_runtime.py",
             "_rooted_generic_build_stage_a", "builder_path"):
                ("scripts/msae_measurement_remediation_v1.py",
                 "msae_measurement_remediation_v1.py"),
        }
        # The exact canonical paths are enumerated separately in the closure's
        # typed finite-file registry.  Sites bind this registry identifier rather
        # than broad directory prefixes; the behavioral trace checks every observed
        # request against the registry entries.
        dynamic_file_mapping = ["typed_registry:msae_v3_finite_file_registry_v1"]
        path_taking_helpers = _path_taking_local_helpers(root=root)
        while queue:
            relative = queue.pop(0)
            if relative in parsed:
                continue
            path = root / relative
            tree = ast.parse(path.read_text(encoding="utf-8"), filename=relative)
            parsed[relative] = tree
            scopes = [(node.lineno, node.end_lineno or node.lineno, node.name)
                      for node in ast.walk(tree)
                      if isinstance(node, (ast.FunctionDef, ast.AsyncFunctionDef))]
            def enclosing(line: int) -> str:
                candidates = [(end - start, name) for start, end, name in scopes
                              if start <= line <= end]
                return min(candidates)[1] if candidates else "<module>"
            assignments_by_scope: dict[str, dict[str, list[ast.AST]]] = collections.defaultdict(
                lambda: collections.defaultdict(list))
            for assignment in ast.walk(tree):
                if isinstance(assignment, (ast.Assign, ast.AnnAssign)) and assignment.value is not None:
                    targets = assignment.targets if isinstance(assignment, ast.Assign) else [assignment.target]
                    for target in targets:
                        if isinstance(target, ast.Name):
                            assignments_by_scope[enclosing(assignment.lineno)][target.id].append(
                                assignment.value)
    
            def statically_assigned_literals(expression: ast.AST | None,
                                              scope: str,
                                              seen: frozenset[str] = frozenset()) -> set[str]:
                if expression is None:
                    return set()
                if isinstance(expression, ast.Constant) and isinstance(expression.value, str):
                    return {expression.value}
                if (isinstance(expression, ast.Call)
                        and _qualified_call_name(expression.func) in {"Path", "pathlib.Path"}
                        and expression.args):
                    return statically_assigned_literals(expression.args[0], scope, seen)
                if isinstance(expression, ast.Name) and expression.id not in seen:
                    values = (assignments_by_scope[scope].get(expression.id, [])
                              or assignments_by_scope["<module>"].get(expression.id, []))
                    return set().union(*(
                        statically_assigned_literals(value, scope, seen | {expression.id})
                        for value in values
                    )) if values else set()
                if isinstance(expression, ast.BinOp) and isinstance(expression.op, ast.Div):
                    left = statically_assigned_literals(expression.left, scope, seen)
                    right = statically_assigned_literals(expression.right, scope, seen)
                    return {str(Path(a) / b) for a in left for b in right}
                if isinstance(expression, ast.IfExp):
                    return (statically_assigned_literals(expression.body, scope, seen)
                            | statically_assigned_literals(expression.orelse, scope, seen))
                return set()
    
            def assignment_origin_expressions(expression: ast.AST | None, scope: str,
                                              seen: frozenset[str] = frozenset()) -> set[str]:
                if expression is None:
                    return set()
                result: set[str] = set()
                for name_node in (node for node in ast.walk(expression) if isinstance(node, ast.Name)):
                    if name_node.id in seen:
                        continue
                    values = (assignments_by_scope[scope].get(name_node.id, [])
                              or assignments_by_scope["<module>"].get(name_node.id, []))
                    for value in values:
                        result.add(f"{name_node.id}={ast.unparse(value)}")
                        result.update(assignment_origin_expressions(
                            value, scope, seen | {name_node.id}))
                return result
    
            def assignment_origin_string_literals(
                    expression: ast.AST | None, scope: str,
                    seen: frozenset[str] = frozenset()) -> set[str]:
                if expression is None:
                    return set()
                result = {node.value for node in ast.walk(expression)
                          if isinstance(node, ast.Constant) and isinstance(node.value, str)}
                for name_node in (node for node in ast.walk(expression)
                                  if isinstance(node, ast.Name)):
                    if name_node.id in seen:
                        continue
                    values = (assignments_by_scope[scope].get(name_node.id, [])
                              or assignments_by_scope["<module>"].get(name_node.id, []))
                    for value in values:
                        result.update(assignment_origin_string_literals(
                            value, scope, seen | {name_node.id}))
                return result
            dangerous_attributes = (process_calls | file_calls | library_calls | network_calls
                                    | network_leaf_calls)
            dangerous_leaf_names = {value.rsplit(".", 1)[-1] for value in dangerous_attributes}
            call_aliases: dict[str, str] = {}
            module_aliases: dict[str, str] = {}
            for candidate in ast.walk(tree):
                if isinstance(candidate, ast.Import):
                    for alias in candidate.names:
                        head = alias.name.split(".", 1)[0]
                        if head in {"subprocess", "os", "socket", "ctypes", "io", "pathlib", "importlib"}:
                            module_aliases[alias.asname or head] = head
                elif isinstance(candidate, ast.ImportFrom) and candidate.module == "pathlib":
                    for alias in candidate.names:
                        if alias.name == "Path":
                            module_aliases[alias.asname or alias.name] = "Path"
            def normalize_call(value: str | None) -> str | None:
                if value is None:
                    return None
                head, separator, tail = value.partition(".")
                replacement = module_aliases.get(head)
                return f"{replacement}{separator}{tail}" if replacement is not None else value
            for candidate in ast.walk(tree):
                if isinstance(candidate, (ast.Assign, ast.AnnAssign)):
                    value = candidate.value
                    qualified = normalize_call(_qualified_call_name(value)) if value is not None else None
                    if qualified in dangerous_attributes:
                        targets = (candidate.targets if isinstance(candidate, ast.Assign)
                                   else [candidate.target])
                        if len(targets) != 1 or not isinstance(targets[0], ast.Name):
                            raise ValueError(f"indirect dangerous-call alias is forbidden: "
                                             f"{relative}:{candidate.lineno}")
                        call_aliases[targets[0].id] = qualified
                elif isinstance(candidate, ast.ImportFrom) and candidate.module in {
                        "subprocess", "ctypes", "socket", "pathlib", "os", "io"}:
                    for alias in candidate.names:
                        qualified = f"{candidate.module}.{alias.name}"
                        if qualified in dangerous_attributes:
                            call_aliases[alias.asname or alias.name] = qualified
            imports: list[tuple[str, int]] = []
            for node in ast.walk(tree):
                if isinstance(node, ast.Import):
                    imports.extend((alias.name, node.lineno) for alias in node.names)
                elif isinstance(node, ast.ImportFrom):
                    if node.level:
                        raise ValueError(f"relative local import is not supported by frozen resolver: {relative}:{node.lineno}")
                    if node.module:
                        imports.append((node.module, node.lineno))
                elif isinstance(node, ast.Call):
                    name = normalize_call(_qualified_call_name(node.func))
                    planted_probe_scope = (relative in {
                        "scripts/msae_independent_measurement_v3_post_m1_runtime.py",
                        "scripts/msae_independent_measurement_v3_post_m2_gen9_runtime.py"} and
                        enclosing(node.lineno) == "cpu_no_model_public_entry_trace")
                    if isinstance(node.func, (ast.Call, ast.Subscript, ast.Lambda)) and not planted_probe_scope:
                        raise ValueError(f"unresolved dynamic callable is forbidden: {relative}:{node.lineno}")
                    if name in {"eval", "exec", "compile"}:
                        raise ValueError(f"runtime code evaluation is forbidden: {relative}:{node.lineno}:{name}")
                    if name == "getattr":
                        if len(node.args) < 2 or not isinstance(node.args[1], ast.Constant) or \
                                not isinstance(node.args[1].value, str):
                            allowed_dynamic_getattr = {
                                ("scripts/msae_independent_measurement_v3_post_m1.py", "__getattr__"),
                                ("scripts/msae_independent_measurement_v3_post_m1_runtime.py",
                                 "verify_authorization"),
                                ("scripts/msae_independent_measurement_v3_post_m2_gen9_runtime.py",
                                 "verify_authorization"),
                            }
                            if (relative, enclosing(node.lineno)) not in allowed_dynamic_getattr:
                                raise ValueError(f"dynamic getattr dispatch is forbidden: {relative}:{node.lineno}")
                        elif node.args[1].value in dangerous_leaf_names and not planted_probe_scope:
                            raise ValueError(f"indirect dangerous getattr is forbidden: "
                                             f"{relative}:{node.lineno}:{node.args[1].value}")
                    if name in call_aliases:
                        name = call_aliases[name]
                    if name in {"__import__", "importlib.import_module"}:
                        raise ValueError(f"dynamic import is forbidden: {relative}:{node.lineno}:{name}")
                    if name in {"importlib.util.spec_from_file_location",
                                "continuation.source_only_module_spec"}:
                        scope = enclosing(node.lineno)
                        if len(node.args) < 2:
                            raise ValueError(
                                f"dynamic import lacks an exact path argument: {relative}:{node.lineno}")
                        argument_expression = ast.unparse(node.args[1])
                        mapping = dynamic_import_mappings.get(
                            (relative, scope, argument_expression))
                        if mapping is None:
                            raise ValueError(
                                f"dynamic import site lacks an exact mapping: "
                                f"{relative}:{scope}:{argument_expression}")
                        target, required_origin_literal = mapping
                        origin_literals = assignment_origin_string_literals(
                            node.args[1], scope)
                        if required_origin_literal not in origin_literals:
                            raise ValueError(
                                f"dynamic import target origin drift: {relative}:{scope}:"
                                f"{argument_expression}:{sorted(origin_literals)}")
                        dynamic_imports.append({"path": relative, "line": node.lineno,
                                                "operation": name,
                                                "argument_expression": argument_expression,
                                                "assignment_origin_literals": sorted(origin_literals),
                                                "finite_mapping": [target]})
                    leaf = node.func.attr if isinstance(node.func, ast.Attribute) else None
                    helper_leaf = (node.func.attr if isinstance(node.func, ast.Attribute)
                                   else node.func.id if isinstance(node.func, ast.Name) else None)
                    helper_path_bindings = path_taking_helpers.get(str(helper_leaf), ())
                    helper_path_indices = tuple(index for index, _ in helper_path_bindings)
                    category = ("process" if name in process_calls else
                                "file" if name in file_calls or
                                helper_path_indices or
                                (leaf in
                                 {"open", "read_bytes", "read_text", "write_bytes", "write_text",
                                  "unlink", "mkdir", "rename", "replace", "rmdir", "exists",
                                  "is_file", "is_dir", "is_symlink", "stat", "lstat", "iterdir",
                                  "rglob", "glob", "resolve", "ftruncate", "fchmod", "close",
                                  "remove", "chmod", "readlink", "rmtree"}) else
                                "library" if name in library_calls else
                                "network" if name in network_calls or leaf in network_leaf_calls else None)
                    if category is not None:
                        # This one function contains deliberately forbidden calls
                        # executed only after all real surfaces are monkeypatched;
                        # they are behavioral negative fixtures, never allowlist
                        # entries.
                        if planted_probe_scope:
                            continue
                        if name == "os.system" or any(keyword.arg == "shell" and
                                                       isinstance(keyword.value, ast.Constant) and
                                                       keyword.value.value is True
                                                       for keyword in node.keywords):
                            raise ValueError(f"shell expansion is forbidden: {relative}:{node.lineno}")
                        if category == "network" and name == "socket.socket":
                            explicit_unix = (bool(node.args)
                                and isinstance(node.args[0], ast.Attribute)
                                and _qualified_call_name(node.args[0]) == "socket.AF_UNIX")
                            typed_inherited_fd = (not node.args
                                and len(node.keywords) == 1
                                and node.keywords[0].arg == "fileno")
                            if not (explicit_unix or typed_inherited_fd):
                                raise ValueError(
                                    f"non-UNIX network surface is forbidden: {relative}:{node.lineno}")
                        literal = None
                        file_literal = None
                        scope = enclosing(node.lineno)
                        path_argument_index = helper_path_indices[0] if helper_path_indices else 0
                        path_argument: ast.AST | None = (
                            node.args[path_argument_index]
                            if len(node.args) > path_argument_index else None)
                        if path_argument is None and helper_path_bindings:
                            keyword_names = {name for index, name in helper_path_bindings
                                             if index == path_argument_index}
                            matches = [keyword.value for keyword in node.keywords
                                       if keyword.arg in keyword_names]
                            if len(matches) == 1:
                                path_argument = matches[0]
                        if (path_argument is None and category == "file"
                                and isinstance(node.func, ast.Attribute)
                                and not (name or "").startswith(("os.", "io."))):
                            path_argument = node.func.value
                        if path_argument is not None:
                            first = path_argument
                            if isinstance(first, ast.Constant) and isinstance(first.value, (str, type(None))):
                                literal = first.value
                            elif (isinstance(first, (ast.List, ast.Tuple)) and first.elts
                                  and isinstance(first.elts[0], ast.Constant)
                                  and isinstance(first.elts[0].value, (str, type(None)))):
                                literal = first.elts[0].value
                            elif (isinstance(first, ast.Call)
                                  and _qualified_call_name(first.func) in {"Path", "pathlib.Path"}
                                  and first.args and isinstance(first.args[0], ast.Constant)
                                  and isinstance(first.args[0].value, str)):
                                literal = first.args[0].value
                        receiver_literal = None
                        if (category == "file" and isinstance(node.func, ast.Attribute)
                                and isinstance(node.func.value, ast.Call)
                                and _qualified_call_name(node.func.value.func) == "Path"
                                and node.func.value.args
                                and isinstance(node.func.value.args[0], ast.Constant)
                                and isinstance(node.func.value.args[0].value, str)):
                            receiver_literal = node.func.value.args[0].value
                        file_literal = receiver_literal if receiver_literal is not None else literal
                        if (category == "file" and isinstance(file_literal, str)
                                and os.path.isabs(file_literal)
                                and file_literal not in allowed_absolute_file_literals):
                            raise ValueError(f"absolute file literal is outside the typed finite registry: "
                                             f"{relative}:{node.lineno}:{file_literal}")
                        assigned_literals = statically_assigned_literals(path_argument, scope)
                        forbidden_assigned = sorted(
                            value for value in assigned_literals
                            if os.path.isabs(value) and value not in allowed_absolute_file_literals
                        )
                        if forbidden_assigned and not planted_probe_scope:
                            raise ValueError(
                                "dynamic file value has an assigned literal outside the finite registry: "
                                f"{relative}:{scope}:{node.lineno}:{forbidden_assigned}")
                        if category == "process" and literal is not None:
                            if not isinstance(literal, str) or literal not in allowed_process_literals:
                                raise ValueError(
                                    f"process target is outside the static allowlist: "
                                    f"{relative}:{node.lineno}:{literal!r}")
                        if category == "library" and literal is not None:
                            raise ValueError(
                                f"literal dlopen target is outside the distribution/ELF closure: "
                                f"{relative}:{node.lineno}:{literal!r}")
                        finite_mapping: list[Any]
                        if category == "file":
                            finite_mapping = dynamic_file_mapping
                        elif category == "process":
                            finite_mapping = ["typed_registry:msae_v3_finite_process_registry_v1"]
                        elif category == "network":
                            finite_mapping = (["AF_UNIX"] if name == "socket.socket" else
                                              ["typed_registry:unix_socket_path_or_bound_socket"])
                        elif category == "library":
                            if not node.args or not isinstance(node.args[0], ast.Constant) or node.args[0].value is not None:
                                raise ValueError(
                                    f"dynamic dlopen site lacks a finite mapping: {relative}:{node.lineno}")
                            finite_mapping = ["process_global_libc"]
                        else:
                            finite_mapping = dynamic_file_mapping
                        site_payload = {"path": relative, "function": scope,
                                        "category": category,
                                        "operation": name if name is not None else f"<dynamic>.{leaf}",
                                        "receiver_expression": (ast.unparse(node.func.value)
                                                                if isinstance(node.func, ast.Attribute)
                                                                else None),
                                        "argument_expression": (
                                            ast.unparse(path_argument)
                                            if path_argument is not None else None),
                                        "assignment_origin_expressions": sorted(
                                            assignment_origin_expressions(path_argument, scope))}
                        site_id = base.sha_bytes(base.canonical_bytes(site_payload))
                        if category == "file" and file_literal is None:
                            if site_id not in FROZEN_DYNAMIC_FILE_SITE_BINDING_IDS:
>                               raise ValueError(
                                    "dynamic file site lacks a reviewed typed-field binding: "
                                    f"{relative}:{scope}:{node.lineno}:{site_id}")
E                               ValueError: dynamic file site lacks a reviewed typed-field binding: scripts/msae_independent_measurement_v3_post_m2_gen9.py:_source_only_bytes:47:fc487f87e3ffe2ff6c95508dd06238461554747408d99760c6679a17c69d2fa8

scripts/msae_independent_measurement_v3_post_m2_gen9_runtime.py:9930: ValueError

During handling of the above exception, another exception occurred:

tmp_path = PosixPath('/tmp/pytest-of-f004ndc/pytest-5/test_static_value_flow_ledger_0')

    def test_static_value_flow_ledger_closes_caller_argv_and_helper_return_bypasses(tmp_path):
        import shutil
        for relative in runtime.LOCAL_PYTHON_ENTRYPOINTS:
            target = tmp_path / relative
            target.parent.mkdir(parents=True, exist_ok=True)
            shutil.copy2(ROOT / relative, target)
        module = tmp_path / "scripts/msae_independent_measurement_v3_post_m2_gen9_runtime.py"
        original = module.read_text()
        module.write_text(original.replace(
            'argv = [str(ROOT / ".venv-atlas/bin/python"), "-S", "-B", "-I",\n'
            '            str(continuation.CONTROLLER_PATH), "broker-gen9",',
            'argv = ["/bin/false", "-S", "-B", "-I",\n'
            '            str(continuation.CONTROLLER_PATH), "broker-gen9",', 1))
>       with pytest.raises(ValueError, match="local value-flow AST ledger drift"):
E       AssertionError: Regex pattern did not match.
E        Regex: 'local value-flow AST ledger drift'
E        Input: 'dynamic file site lacks a reviewed typed-field binding: scripts/msae_independent_measurement_v3_post_m2_gen9.py:_source_only_bytes:47:fc487f87e3ffe2ff6c95508dd06238461554747408d99760c6679a17c69d2fa8'

tests/test_msae_independent_measurement_v3_post_m9_gen9.py:2336: AssertionError
__________ test_static_ledger_self_exclusions_are_syntactically_inert __________

tmp_path = PosixPath('/tmp/pytest-of-f004ndc/pytest-5/test_static_ledger_self_exclus0')

    def test_static_ledger_self_exclusions_are_syntactically_inert(tmp_path):
        import shutil
        for relative in runtime.LOCAL_PYTHON_ENTRYPOINTS:
            target = tmp_path / relative
            target.parent.mkdir(parents=True, exist_ok=True)
            shutil.copy2(ROOT / relative, target)
        module = tmp_path / "scripts/msae_independent_measurement_v3_post_m2_gen9_runtime.py"
        original = module.read_text()
        module.write_text(original.replace(
            f'FROZEN_LOCAL_VALUE_FLOW_AST_SHA256 = "{runtime.FROZEN_LOCAL_VALUE_FLOW_AST_SHA256}"',
            'FROZEN_LOCAL_VALUE_FLOW_AST_SHA256 = (base.launch(), "' +
            runtime.FROZEN_LOCAL_VALUE_FLOW_AST_SHA256 + '")[1]'))
        with pytest.raises(ValueError, match="digest constant is not inert"):
>           runtime._static_closure_analysis(root=tmp_path)

tests/test_msae_independent_measurement_v3_post_m9_gen9.py:2353: 
_ _ _ _ _ _ _ _ _ _ _ _ _ _ _ _ _ _ _ _ _ _ _ _ _ _ _ _ _ _ _ _ _ _ _ _ _ _ _ _ 

    def _static_closure_analysis(*, root: Path = ROOT) -> dict[str, Any]:
        """Recursively resolve local imports and statically close dangerous surfaces."""
        queue = list(LOCAL_PYTHON_ENTRYPOINTS)
        parsed: dict[str, ast.Module] = {}
        import_edges: list[dict[str, str]] = []
        external_modules: set[str] = set()
        surfaces: list[dict[str, Any]] = []
        dynamic_imports: list[dict[str, Any]] = []
        process_calls = {"subprocess.run", "subprocess.check_output", "subprocess.check_call",
                         "subprocess.Popen", "os.execve", "os.execv", "os.execl", "os.system"}
        file_calls = {"open", "io.open", "os.open", "os.read", "os.write", "os.lseek",
                      "os.fstat", "os.fsync", "os.ftruncate", "os.fchmod", "os.close",
                      "os.mkdir", "os.rename", "os.replace", "os.unlink", "os.remove",
                      "os.stat", "os.lstat", "os.readlink", "os.chmod",
                      "os.scandir", "os.walk", "os.listdir", "shutil.rmtree",
                      "Path.open", "Path.read_bytes", "Path.read_text", "Path.write_bytes",
                      "Path.write_text", "Path.unlink", "Path.mkdir", "Path.rename",
                      "Path.replace", "Path.rmdir", "Path.exists", "Path.is_file",
                      "Path.is_dir", "Path.is_symlink", "Path.stat", "Path.lstat",
                      "Path.iterdir", "Path.rglob", "Path.glob", "Path.resolve"}
        library_calls = {"ctypes.CDLL", "ctypes.PyDLL", "ctypes.cdll.LoadLibrary"}
        network_calls = {"socket.socket", "socket.create_connection"}
        network_leaf_calls = {"connect", "bind", "listen", "accept", "sendall", "sendmsg",
                              "recv", "recvmsg", "getsockopt", "settimeout"}
        allowed_process_literals = {"/usr/bin/bash", "/usr/bin/git", "/usr/bin/ldd",
                                    "/usr/bin/nvidia-smi", "/usr/bin/strace", "/usr/bin/tmux",
                                    str(ROOT / ".venv-atlas/bin/python")}
        allowed_absolute_file_literals = {
                "/", "/proc", "/proc/net/unix", "/proc/self/fd", "/proc/self/maps",
                "/proc/self/mountinfo",
                "/dev/null", "/tmp", "/usr/${LIB}/",
            "/usr/lib/python3.12", "/usr/lib/x86_64-linux-gnu",
            "/usr/lib/x86_64-linux-gnu/libcuda.so.1",
            "/usr/lib/python3.12/site-packages", "/usr/local/lib/python3.12/dist-packages",
            "/usr/lib/python3/dist-packages", "/usr/bin/bash", "/usr/bin/git",
            "/usr/bin/ldd", "/usr/bin/nvidia-smi", "/usr/bin/strace", "/usr/bin/tmux",
                str(ROOT / ".venv-atlas/bin/python"), str(base.SNAPSHOT), str(ACTIVE_PRIVATE_KEY),
                str(PLAN_PATH), str(continuation.CONTROLLER_PATH), str(RUNTIME),
                str(RUNNER), str(LAUNCHER), str(TMUX_TEST_SUPERVISOR),
                str(RUNTIME_RFC), str(RUNTIME_TEST),
            str(base.PRIVATE_KEY), str(base.PRIMARY_BUILD_ROOT), str(base.REBUILD_BUILD_ROOT),
            str(base.STATE_ROOT), str(base.NONCE_DIR.parent), str(base.NONCE_DIR),
                str(base.GPU_LOCK_DIR), str(base.RUN_ROOT),
                    str(ACTIVE_CONFIG), str(ACTIVE_PROV), str(ACTIVE_M4_DATA),
                    str(ACTIVE_STATE), str(ACTIVE_NONCE_DIR),
                    str(ACTIVE_RUN_ROOT), str(SIGN_TRANSACTION),
                    str(M4_PRIMARY), str(M4_REBUILD), str(M4_TRANSACTION),
                    str(SETUP_JOURNAL), str(SETUP_MANIFEST),
                    str(SETUP_KEY_TRANSACTION),
                    str(SETUP_KEY_TRANSACTION / "private_key.payload"),
                    str(SETUP_KEY_TRANSACTION / "key_binding.json"),
                    str(CAPABILITY_ANALYSIS_ROOT), str(CAPABILITY_TRANSACTION),
                    str(CAPABILITY_REPORT), str(CAPABILITY_PROBE_ROOT),
                    str(CAPABILITY_PROBE_ROOT / "gen9_staging.json"),
                    str(CAPABILITY_PROBE_ROOT / "gen9_destination.json"),
                    str(NFS_PUBLISHER_TEST_ROOT), str(LOCAL_REJECTION_TEST_ROOT),
            str(predecessor_runtime.ACTIVE_PRIVATE_KEY),
            str(predecessor_runtime.ACTIVE_STATE), str(predecessor_runtime.ACTIVE_NONCE_DIR),
            str(predecessor_runtime.M4_PRIMARY), str(predecessor_runtime.M4_REBUILD),
            str(predecessor_runtime.ACTIVE_RUN_ROOT),
            "/tmp/msae_independent_measurement_v3_gen2_failure_reproduction",
            ("/tmp/msae_independent_measurement_v3_gen2_failure_reproduction/"
             ".venv-atlas/bin/python"),
            "/tmp/msae_surface_probe_check.json", "/tmp/msae_surface_probe_trace.log",
        }
        dynamic_process_mappings = {
            ("scripts/msae_independent_measurement_v3.py", "prescore_traced_check", "subprocess.run"):
                ["/usr/bin/strace"],
            ("scripts/msae_independent_measurement_v3.py", "broker", "os.execve"):
                [str(ROOT / ".venv-atlas/bin/python")],
            ("scripts/msae_independent_measurement_v3_post_m1_runtime.py",
             "_prescore_traced_check_impl", "subprocess.run"): ["/usr/bin/strace"],
            ("scripts/msae_independent_measurement_v3_post_m1_runtime.py", "broker", "os.execve"):
                [str(ROOT / ".venv-atlas/bin/python")],
            ("scripts/msae_independent_measurement_v3_post_m1_runtime.py",
             "_supervise_broker_process", "subprocess.Popen"):
                [str(ROOT / ".venv-atlas/bin/python")],
            ("scripts/msae_independent_measurement_v3_post_m2_gen9_runtime.py",
             "_prescore_traced_check_impl", "subprocess.run"): ["/usr/bin/strace"],
            ("scripts/msae_independent_measurement_v3_post_m2_gen9_runtime.py", "broker", "os.execve"):
                [str(ROOT / ".venv-atlas/bin/python")],
            ("scripts/msae_independent_measurement_v3_post_m2_gen9_runtime.py",
             "_supervise_broker_process", "subprocess.Popen"):
                [str(ROOT / ".venv-atlas/bin/python")],
            ("scripts/msae_independent_measurement_v3_post_m2_gen9_runtime.py",
             "_run_tmux_client", "subprocess.Popen"):
                ["/usr/bin/tmux"],
        }
        dynamic_import_mappings = {
            ("scripts/msae_independent_measurement_v3_post_m1_runtime.py",
             "cpu_no_model_public_entry_trace", "runner_path"):
                ("scripts/run_msae_independent_calibration_v3.py",
                 "scripts/run_msae_independent_calibration_v3.py"),
            ("scripts/msae_independent_measurement_v3_post_m1_runtime.py",
             "_rooted_generic_build_stage_a", "dependency_path"):
                ("scripts/msae_measurement_v2.py", "msae_measurement_v2.py"),
            ("scripts/msae_independent_measurement_v3_post_m1_runtime.py",
             "_rooted_generic_build_stage_a", "builder_path"):
                ("scripts/msae_measurement_remediation_v1.py",
                 "msae_measurement_remediation_v1.py"),
            ("scripts/msae_independent_measurement_v3_post_m2_gen9_runtime.py",
             "_rooted_generic_protocol_config", "builder_path"):
                ("scripts/msae_independent_measurement_v3.py",
                 "scripts/msae_independent_measurement_v3.py"),
            ("scripts/msae_independent_measurement_v3_post_m2_gen9_runtime.py",
             "_rebuild_generic_config_at_synthetic_root", "builder_path"):
                ("scripts/msae_independent_measurement_v3.py",
                 "scripts/msae_independent_measurement_v3.py"),
            ("scripts/msae_independent_measurement_v3_post_m2_gen9_runtime.py",
             "cpu_no_model_public_entry_trace", "runner_path"):
                ("scripts/run_msae_independent_calibration_v3_gen9.py",
                 "scripts/run_msae_independent_calibration_v3_gen9.py"),
            ("scripts/msae_independent_measurement_v3_post_m2_gen9_runtime.py",
             "_rooted_generic_build_stage_a", "dependency_path"):
                ("scripts/msae_measurement_v2.py", "msae_measurement_v2.py"),
            ("scripts/msae_independent_measurement_v3_post_m2_gen9_runtime.py",
             "_rooted_generic_build_stage_a", "builder_path"):
                ("scripts/msae_measurement_remediation_v1.py",
                 "msae_measurement_remediation_v1.py"),
        }
        # The exact canonical paths are enumerated separately in the closure's
        # typed finite-file registry.  Sites bind this registry identifier rather
        # than broad directory prefixes; the behavioral trace checks every observed
        # request against the registry entries.
        dynamic_file_mapping = ["typed_registry:msae_v3_finite_file_registry_v1"]
        path_taking_helpers = _path_taking_local_helpers(root=root)
        while queue:
            relative = queue.pop(0)
            if relative in parsed:
                continue
            path = root / relative
            tree = ast.parse(path.read_text(encoding="utf-8"), filename=relative)
            parsed[relative] = tree
            scopes = [(node.lineno, node.end_lineno or node.lineno, node.name)
                      for node in ast.walk(tree)
                      if isinstance(node, (ast.FunctionDef, ast.AsyncFunctionDef))]
            def enclosing(line: int) -> str:
                candidates = [(end - start, name) for start, end, name in scopes
                              if start <= line <= end]
                return min(candidates)[1] if candidates else "<module>"
            assignments_by_scope: dict[str, dict[str, list[ast.AST]]] = collections.defaultdict(
                lambda: collections.defaultdict(list))
            for assignment in ast.walk(tree):
                if isinstance(assignment, (ast.Assign, ast.AnnAssign)) and assignment.value is not None:
                    targets = assignment.targets if isinstance(assignment, ast.Assign) else [assignment.target]
                    for target in targets:
                        if isinstance(target, ast.Name):
                            assignments_by_scope[enclosing(assignment.lineno)][target.id].append(
                                assignment.value)
    
            def statically_assigned_literals(expression: ast.AST | None,
                                              scope: str,
                                              seen: frozenset[str] = frozenset()) -> set[str]:
                if expression is None:
                    return set()
                if isinstance(expression, ast.Constant) and isinstance(expression.value, str):
                    return {expression.value}
                if (isinstance(expression, ast.Call)
                        and _qualified_call_name(expression.func) in {"Path", "pathlib.Path"}
                        and expression.args):
                    return statically_assigned_literals(expression.args[0], scope, seen)
                if isinstance(expression, ast.Name) and expression.id not in seen:
                    values = (assignments_by_scope[scope].get(expression.id, [])
                              or assignments_by_scope["<module>"].get(expression.id, []))
                    return set().union(*(
                        statically_assigned_literals(value, scope, seen | {expression.id})
                        for value in values
                    )) if values else set()
                if isinstance(expression, ast.BinOp) and isinstance(expression.op, ast.Div):
                    left = statically_assigned_literals(expression.left, scope, seen)
                    right = statically_assigned_literals(expression.right, scope, seen)
                    return {str(Path(a) / b) for a in left for b in right}
                if isinstance(expression, ast.IfExp):
                    return (statically_assigned_literals(expression.body, scope, seen)
                            | statically_assigned_literals(expression.orelse, scope, seen))
                return set()
    
            def assignment_origin_expressions(expression: ast.AST | None, scope: str,
                                              seen: frozenset[str] = frozenset()) -> set[str]:
                if expression is None:
                    return set()
                result: set[str] = set()
                for name_node in (node for node in ast.walk(expression) if isinstance(node, ast.Name)):
                    if name_node.id in seen:
                        continue
                    values = (assignments_by_scope[scope].get(name_node.id, [])
                              or assignments_by_scope["<module>"].get(name_node.id, []))
                    for value in values:
                        result.add(f"{name_node.id}={ast.unparse(value)}")
                        result.update(assignment_origin_expressions(
                            value, scope, seen | {name_node.id}))
                return result
    
            def assignment_origin_string_literals(
                    expression: ast.AST | None, scope: str,
                    seen: frozenset[str] = frozenset()) -> set[str]:
                if expression is None:
                    return set()
                result = {node.value for node in ast.walk(expression)
                          if isinstance(node, ast.Constant) and isinstance(node.value, str)}
                for name_node in (node for node in ast.walk(expression)
                                  if isinstance(node, ast.Name)):
                    if name_node.id in seen:
                        continue
                    values = (assignments_by_scope[scope].get(name_node.id, [])
                              or assignments_by_scope["<module>"].get(name_node.id, []))
                    for value in values:
                        result.update(assignment_origin_string_literals(
                            value, scope, seen | {name_node.id}))
                return result
            dangerous_attributes = (process_calls | file_calls | library_calls | network_calls
                                    | network_leaf_calls)
            dangerous_leaf_names = {value.rsplit(".", 1)[-1] for value in dangerous_attributes}
            call_aliases: dict[str, str] = {}
            module_aliases: dict[str, str] = {}
            for candidate in ast.walk(tree):
                if isinstance(candidate, ast.Import):
                    for alias in candidate.names:
                        head = alias.name.split(".", 1)[0]
                        if head in {"subprocess", "os", "socket", "ctypes", "io", "pathlib", "importlib"}:
                            module_aliases[alias.asname or head] = head
                elif isinstance(candidate, ast.ImportFrom) and candidate.module == "pathlib":
                    for alias in candidate.names:
                        if alias.name == "Path":
                            module_aliases[alias.asname or alias.name] = "Path"
            def normalize_call(value: str | None) -> str | None:
                if value is None:
                    return None
                head, separator, tail = value.partition(".")
                replacement = module_aliases.get(head)
                return f"{replacement}{separator}{tail}" if replacement is not None else value
            for candidate in ast.walk(tree):
                if isinstance(candidate, (ast.Assign, ast.AnnAssign)):
                    value = candidate.value
                    qualified = normalize_call(_qualified_call_name(value)) if value is not None else None
                    if qualified in dangerous_attributes:
                        targets = (candidate.targets if isinstance(candidate, ast.Assign)
                                   else [candidate.target])
                        if len(targets) != 1 or not isinstance(targets[0], ast.Name):
                            raise ValueError(f"indirect dangerous-call alias is forbidden: "
                                             f"{relative}:{candidate.lineno}")
                        call_aliases[targets[0].id] = qualified
                elif isinstance(candidate, ast.ImportFrom) and candidate.module in {
                        "subprocess", "ctypes", "socket", "pathlib", "os", "io"}:
                    for alias in candidate.names:
                        qualified = f"{candidate.module}.{alias.name}"
                        if qualified in dangerous_attributes:
                            call_aliases[alias.asname or alias.name] = qualified
            imports: list[tuple[str, int]] = []
            for node in ast.walk(tree):
                if isinstance(node, ast.Import):
                    imports.extend((alias.name, node.lineno) for alias in node.names)
                elif isinstance(node, ast.ImportFrom):
                    if node.level:
                        raise ValueError(f"relative local import is not supported by frozen resolver: {relative}:{node.lineno}")
                    if node.module:
                        imports.append((node.module, node.lineno))
                elif isinstance(node, ast.Call):
                    name = normalize_call(_qualified_call_name(node.func))
                    planted_probe_scope = (relative in {
                        "scripts/msae_independent_measurement_v3_post_m1_runtime.py",
                        "scripts/msae_independent_measurement_v3_post_m2_gen9_runtime.py"} and
                        enclosing(node.lineno) == "cpu_no_model_public_entry_trace")
                    if isinstance(node.func, (ast.Call, ast.Subscript, ast.Lambda)) and not planted_probe_scope:
                        raise ValueError(f"unresolved dynamic callable is forbidden: {relative}:{node.lineno}")
                    if name in {"eval", "exec", "compile"}:
                        raise ValueError(f"runtime code evaluation is forbidden: {relative}:{node.lineno}:{name}")
                    if name == "getattr":
                        if len(node.args) < 2 or not isinstance(node.args[1], ast.Constant) or \
                                not isinstance(node.args[1].value, str):
                            allowed_dynamic_getattr = {
                                ("scripts/msae_independent_measurement_v3_post_m1.py", "__getattr__"),
                                ("scripts/msae_independent_measurement_v3_post_m1_runtime.py",
                                 "verify_authorization"),
                                ("scripts/msae_independent_measurement_v3_post_m2_gen9_runtime.py",
                                 "verify_authorization"),
                            }
                            if (relative, enclosing(node.lineno)) not in allowed_dynamic_getattr:
                                raise ValueError(f"dynamic getattr dispatch is forbidden: {relative}:{node.lineno}")
                        elif node.args[1].value in dangerous_leaf_names and not planted_probe_scope:
                            raise ValueError(f"indirect dangerous getattr is forbidden: "
                                             f"{relative}:{node.lineno}:{node.args[1].value}")
                    if name in call_aliases:
                        name = call_aliases[name]
                    if name in {"__import__", "importlib.import_module"}:
                        raise ValueError(f"dynamic import is forbidden: {relative}:{node.lineno}:{name}")
                    if name in {"importlib.util.spec_from_file_location",
                                "continuation.source_only_module_spec"}:
                        scope = enclosing(node.lineno)
                        if len(node.args) < 2:
                            raise ValueError(
                                f"dynamic import lacks an exact path argument: {relative}:{node.lineno}")
                        argument_expression = ast.unparse(node.args[1])
                        mapping = dynamic_import_mappings.get(
                            (relative, scope, argument_expression))
                        if mapping is None:
                            raise ValueError(
                                f"dynamic import site lacks an exact mapping: "
                                f"{relative}:{scope}:{argument_expression}")
                        target, required_origin_literal = mapping
                        origin_literals = assignment_origin_string_literals(
                            node.args[1], scope)
                        if required_origin_literal not in origin_literals:
                            raise ValueError(
                                f"dynamic import target origin drift: {relative}:{scope}:"
                                f"{argument_expression}:{sorted(origin_literals)}")
                        dynamic_imports.append({"path": relative, "line": node.lineno,
                                                "operation": name,
                                                "argument_expression": argument_expression,
                                                "assignment_origin_literals": sorted(origin_literals),
                                                "finite_mapping": [target]})
                    leaf = node.func.attr if isinstance(node.func, ast.Attribute) else None
                    helper_leaf = (node.func.attr if isinstance(node.func, ast.Attribute)
                                   else node.func.id if isinstance(node.func, ast.Name) else None)
                    helper_path_bindings = path_taking_helpers.get(str(helper_leaf), ())
                    helper_path_indices = tuple(index for index, _ in helper_path_bindings)
                    category = ("process" if name in process_calls else
                                "file" if name in file_calls or
                                helper_path_indices or
                                (leaf in
                                 {"open", "read_bytes", "read_text", "write_bytes", "write_text",
                                  "unlink", "mkdir", "rename", "replace", "rmdir", "exists",
                                  "is_file", "is_dir", "is_symlink", "stat", "lstat", "iterdir",
                                  "rglob", "glob", "resolve", "ftruncate", "fchmod", "close",
                                  "remove", "chmod", "readlink", "rmtree"}) else
                                "library" if name in library_calls else
                                "network" if name in network_calls or leaf in network_leaf_calls else None)
                    if category is not None:
                        # This one function contains deliberately forbidden calls
                        # executed only after all real surfaces are monkeypatched;
                        # they are behavioral negative fixtures, never allowlist
                        # entries.
                        if planted_probe_scope:
                            continue
                        if name == "os.system" or any(keyword.arg == "shell" and
                                                       isinstance(keyword.value, ast.Constant) and
                                                       keyword.value.value is True
                                                       for keyword in node.keywords):
                            raise ValueError(f"shell expansion is forbidden: {relative}:{node.lineno}")
                        if category == "network" and name == "socket.socket":
                            explicit_unix = (bool(node.args)
                                and isinstance(node.args[0], ast.Attribute)
                                and _qualified_call_name(node.args[0]) == "socket.AF_UNIX")
                            typed_inherited_fd = (not node.args
                                and len(node.keywords) == 1
                                and node.keywords[0].arg == "fileno")
                            if not (explicit_unix or typed_inherited_fd):
                                raise ValueError(
                                    f"non-UNIX network surface is forbidden: {relative}:{node.lineno}")
                        literal = None
                        file_literal = None
                        scope = enclosing(node.lineno)
                        path_argument_index = helper_path_indices[0] if helper_path_indices else 0
                        path_argument: ast.AST | None = (
                            node.args[path_argument_index]
                            if len(node.args) > path_argument_index else None)
                        if path_argument is None and helper_path_bindings:
                            keyword_names = {name for index, name in helper_path_bindings
                                             if index == path_argument_index}
                            matches = [keyword.value for keyword in node.keywords
                                       if keyword.arg in keyword_names]
                            if len(matches) == 1:
                                path_argument = matches[0]
                        if (path_argument is None and category == "file"
                                and isinstance(node.func, ast.Attribute)
                                and not (name or "").startswith(("os.", "io."))):
                            path_argument = node.func.value
                        if path_argument is not None:
                            first = path_argument
                            if isinstance(first, ast.Constant) and isinstance(first.value, (str, type(None))):
                                literal = first.value
                            elif (isinstance(first, (ast.List, ast.Tuple)) and first.elts
                                  and isinstance(first.elts[0], ast.Constant)
                                  and isinstance(first.elts[0].value, (str, type(None)))):
                                literal = first.elts[0].value
                            elif (isinstance(first, ast.Call)
                                  and _qualified_call_name(first.func) in {"Path", "pathlib.Path"}
                                  and first.args and isinstance(first.args[0], ast.Constant)
                                  and isinstance(first.args[0].value, str)):
                                literal = first.args[0].value
                        receiver_literal = None
                        if (category == "file" and isinstance(node.func, ast.Attribute)
                                and isinstance(node.func.value, ast.Call)
                                and _qualified_call_name(node.func.value.func) == "Path"
                                and node.func.value.args
                                and isinstance(node.func.value.args[0], ast.Constant)
                                and isinstance(node.func.value.args[0].value, str)):
                            receiver_literal = node.func.value.args[0].value
                        file_literal = receiver_literal if receiver_literal is not None else literal
                        if (category == "file" and isinstance(file_literal, str)
                                and os.path.isabs(file_literal)
                                and file_literal not in allowed_absolute_file_literals):
                            raise ValueError(f"absolute file literal is outside the typed finite registry: "
                                             f"{relative}:{node.lineno}:{file_literal}")
                        assigned_literals = statically_assigned_literals(path_argument, scope)
                        forbidden_assigned = sorted(
                            value for value in assigned_literals
                            if os.path.isabs(value) and value not in allowed_absolute_file_literals
                        )
                        if forbidden_assigned and not planted_probe_scope:
                            raise ValueError(
                                "dynamic file value has an assigned literal outside the finite registry: "
                                f"{relative}:{scope}:{node.lineno}:{forbidden_assigned}")
                        if category == "process" and literal is not None:
                            if not isinstance(literal, str) or literal not in allowed_process_literals:
                                raise ValueError(
                                    f"process target is outside the static allowlist: "
                                    f"{relative}:{node.lineno}:{literal!r}")
                        if category == "library" and literal is not None:
                            raise ValueError(
                                f"literal dlopen target is outside the distribution/ELF closure: "
                                f"{relative}:{node.lineno}:{literal!r}")
                        finite_mapping: list[Any]
                        if category == "file":
                            finite_mapping = dynamic_file_mapping
                        elif category == "process":
                            finite_mapping = ["typed_registry:msae_v3_finite_process_registry_v1"]
                        elif category == "network":
                            finite_mapping = (["AF_UNIX"] if name == "socket.socket" else
                                              ["typed_registry:unix_socket_path_or_bound_socket"])
                        elif category == "library":
                            if not node.args or not isinstance(node.args[0], ast.Constant) or node.args[0].value is not None:
                                raise ValueError(
                                    f"dynamic dlopen site lacks a finite mapping: {relative}:{node.lineno}")
                            finite_mapping = ["process_global_libc"]
                        else:
                            finite_mapping = dynamic_file_mapping
                        site_payload = {"path": relative, "function": scope,
                                        "category": category,
                                        "operation": name if name is not None else f"<dynamic>.{leaf}",
                                        "receiver_expression": (ast.unparse(node.func.value)
                                                                if isinstance(node.func, ast.Attribute)
                                                                else None),
                                        "argument_expression": (
                                            ast.unparse(path_argument)
                                            if path_argument is not None else None),
                                        "assignment_origin_expressions": sorted(
                                            assignment_origin_expressions(path_argument, scope))}
                        site_id = base.sha_bytes(base.canonical_bytes(site_payload))
                        if category == "file" and file_literal is None:
                            if site_id not in FROZEN_DYNAMIC_FILE_SITE_BINDING_IDS:
>                               raise ValueError(
                                    "dynamic file site lacks a reviewed typed-field binding: "
                                    f"{relative}:{scope}:{node.lineno}:{site_id}")
E                               ValueError: dynamic file site lacks a reviewed typed-field binding: scripts/msae_independent_measurement_v3_post_m2_gen9.py:_source_only_bytes:47:fc487f87e3ffe2ff6c95508dd06238461554747408d99760c6679a17c69d2fa8

scripts/msae_independent_measurement_v3_post_m2_gen9_runtime.py:9930: ValueError

During handling of the above exception, another exception occurred:

tmp_path = PosixPath('/tmp/pytest-of-f004ndc/pytest-5/test_static_ledger_self_exclus0')

    def test_static_ledger_self_exclusions_are_syntactically_inert(tmp_path):
        import shutil
        for relative in runtime.LOCAL_PYTHON_ENTRYPOINTS:
            target = tmp_path / relative
            target.parent.mkdir(parents=True, exist_ok=True)
            shutil.copy2(ROOT / relative, target)
        module = tmp_path / "scripts/msae_independent_measurement_v3_post_m2_gen9_runtime.py"
        original = module.read_text()
        module.write_text(original.replace(
            f'FROZEN_LOCAL_VALUE_FLOW_AST_SHA256 = "{runtime.FROZEN_LOCAL_VALUE_FLOW_AST_SHA256}"',
            'FROZEN_LOCAL_VALUE_FLOW_AST_SHA256 = (base.launch(), "' +
            runtime.FROZEN_LOCAL_VALUE_FLOW_AST_SHA256 + '")[1]'))
>       with pytest.raises(ValueError, match="digest constant is not inert"):
E       AssertionError: Regex pattern did not match.
E        Regex: 'digest constant is not inert'
E        Input: 'dynamic file site lacks a reviewed typed-field binding: scripts/msae_independent_measurement_v3_post_m2_gen9.py:_source_only_bytes:47:fc487f87e3ffe2ff6c95508dd06238461554747408d99760c6679a17c69d2fa8'

tests/test_msae_independent_measurement_v3_post_m9_gen9.py:2352: AssertionError
__ test_cpu_no_model_trace_executes_every_public_entry_and_planted_tripwires ___

    def test_cpu_no_model_trace_executes_every_public_entry_and_planted_tripwires():
>       value = runtime.cpu_no_model_public_entry_trace()

tests/test_msae_independent_measurement_v3_post_m9_gen9.py:2362: 
_ _ _ _ _ _ _ _ _ _ _ _ _ _ _ _ _ _ _ _ _ _ _ _ _ _ _ _ _ _ _ _ _ _ _ _ _ _ _ _ 
scripts/msae_independent_measurement_v3_post_m2_gen9_runtime.py:10448: in cpu_no_model_public_entry_trace
    static_analysis = _static_closure_analysis(root=root)
_ _ _ _ _ _ _ _ _ _ _ _ _ _ _ _ _ _ _ _ _ _ _ _ _ _ _ _ _ _ _ _ _ _ _ _ _ _ _ _ 

    def _static_closure_analysis(*, root: Path = ROOT) -> dict[str, Any]:
        """Recursively resolve local imports and statically close dangerous surfaces."""
        queue = list(LOCAL_PYTHON_ENTRYPOINTS)
        parsed: dict[str, ast.Module] = {}
        import_edges: list[dict[str, str]] = []
        external_modules: set[str] = set()
        surfaces: list[dict[str, Any]] = []
        dynamic_imports: list[dict[str, Any]] = []
        process_calls = {"subprocess.run", "subprocess.check_output", "subprocess.check_call",
                         "subprocess.Popen", "os.execve", "os.execv", "os.execl", "os.system"}
        file_calls = {"open", "io.open", "os.open", "os.read", "os.write", "os.lseek",
                      "os.fstat", "os.fsync", "os.ftruncate", "os.fchmod", "os.close",
                      "os.mkdir", "os.rename", "os.replace", "os.unlink", "os.remove",
                      "os.stat", "os.lstat", "os.readlink", "os.chmod",
                      "os.scandir", "os.walk", "os.listdir", "shutil.rmtree",
                      "Path.open", "Path.read_bytes", "Path.read_text", "Path.write_bytes",
                      "Path.write_text", "Path.unlink", "Path.mkdir", "Path.rename",
                      "Path.replace", "Path.rmdir", "Path.exists", "Path.is_file",
                      "Path.is_dir", "Path.is_symlink", "Path.stat", "Path.lstat",
                      "Path.iterdir", "Path.rglob", "Path.glob", "Path.resolve"}
        library_calls = {"ctypes.CDLL", "ctypes.PyDLL", "ctypes.cdll.LoadLibrary"}
        network_calls = {"socket.socket", "socket.create_connection"}
        network_leaf_calls = {"connect", "bind", "listen", "accept", "sendall", "sendmsg",
                              "recv", "recvmsg", "getsockopt", "settimeout"}
        allowed_process_literals = {"/usr/bin/bash", "/usr/bin/git", "/usr/bin/ldd",
                                    "/usr/bin/nvidia-smi", "/usr/bin/strace", "/usr/bin/tmux",
                                    str(ROOT / ".venv-atlas/bin/python")}
        allowed_absolute_file_literals = {
                "/", "/proc", "/proc/net/unix", "/proc/self/fd", "/proc/self/maps",
                "/proc/self/mountinfo",
                "/dev/null", "/tmp", "/usr/${LIB}/",
            "/usr/lib/python3.12", "/usr/lib/x86_64-linux-gnu",
            "/usr/lib/x86_64-linux-gnu/libcuda.so.1",
            "/usr/lib/python3.12/site-packages", "/usr/local/lib/python3.12/dist-packages",
            "/usr/lib/python3/dist-packages", "/usr/bin/bash", "/usr/bin/git",
            "/usr/bin/ldd", "/usr/bin/nvidia-smi", "/usr/bin/strace", "/usr/bin/tmux",
                str(ROOT / ".venv-atlas/bin/python"), str(base.SNAPSHOT), str(ACTIVE_PRIVATE_KEY),
                str(PLAN_PATH), str(continuation.CONTROLLER_PATH), str(RUNTIME),
                str(RUNNER), str(LAUNCHER), str(TMUX_TEST_SUPERVISOR),
                str(RUNTIME_RFC), str(RUNTIME_TEST),
            str(base.PRIVATE_KEY), str(base.PRIMARY_BUILD_ROOT), str(base.REBUILD_BUILD_ROOT),
            str(base.STATE_ROOT), str(base.NONCE_DIR.parent), str(base.NONCE_DIR),
                str(base.GPU_LOCK_DIR), str(base.RUN_ROOT),
                    str(ACTIVE_CONFIG), str(ACTIVE_PROV), str(ACTIVE_M4_DATA),
                    str(ACTIVE_STATE), str(ACTIVE_NONCE_DIR),
                    str(ACTIVE_RUN_ROOT), str(SIGN_TRANSACTION),
                    str(M4_PRIMARY), str(M4_REBUILD), str(M4_TRANSACTION),
                    str(SETUP_JOURNAL), str(SETUP_MANIFEST),
                    str(SETUP_KEY_TRANSACTION),
                    str(SETUP_KEY_TRANSACTION / "private_key.payload"),
                    str(SETUP_KEY_TRANSACTION / "key_binding.json"),
                    str(CAPABILITY_ANALYSIS_ROOT), str(CAPABILITY_TRANSACTION),
                    str(CAPABILITY_REPORT), str(CAPABILITY_PROBE_ROOT),
                    str(CAPABILITY_PROBE_ROOT / "gen9_staging.json"),
                    str(CAPABILITY_PROBE_ROOT / "gen9_destination.json"),
                    str(NFS_PUBLISHER_TEST_ROOT), str(LOCAL_REJECTION_TEST_ROOT),
            str(predecessor_runtime.ACTIVE_PRIVATE_KEY),
            str(predecessor_runtime.ACTIVE_STATE), str(predecessor_runtime.ACTIVE_NONCE_DIR),
            str(predecessor_runtime.M4_PRIMARY), str(predecessor_runtime.M4_REBUILD),
            str(predecessor_runtime.ACTIVE_RUN_ROOT),
            "/tmp/msae_independent_measurement_v3_gen2_failure_reproduction",
            ("/tmp/msae_independent_measurement_v3_gen2_failure_reproduction/"
             ".venv-atlas/bin/python"),
            "/tmp/msae_surface_probe_check.json", "/tmp/msae_surface_probe_trace.log",
        }
        dynamic_process_mappings = {
            ("scripts/msae_independent_measurement_v3.py", "prescore_traced_check", "subprocess.run"):
                ["/usr/bin/strace"],
            ("scripts/msae_independent_measurement_v3.py", "broker", "os.execve"):
                [str(ROOT / ".venv-atlas/bin/python")],
            ("scripts/msae_independent_measurement_v3_post_m1_runtime.py",
             "_prescore_traced_check_impl", "subprocess.run"): ["/usr/bin/strace"],
            ("scripts/msae_independent_measurement_v3_post_m1_runtime.py", "broker", "os.execve"):
                [str(ROOT / ".venv-atlas/bin/python")],
            ("scripts/msae_independent_measurement_v3_post_m1_runtime.py",
             "_supervise_broker_process", "subprocess.Popen"):
                [str(ROOT / ".venv-atlas/bin/python")],
            ("scripts/msae_independent_measurement_v3_post_m2_gen9_runtime.py",
             "_prescore_traced_check_impl", "subprocess.run"): ["/usr/bin/strace"],
            ("scripts/msae_independent_measurement_v3_post_m2_gen9_runtime.py", "broker", "os.execve"):
                [str(ROOT / ".venv-atlas/bin/python")],
            ("scripts/msae_independent_measurement_v3_post_m2_gen9_runtime.py",
             "_supervise_broker_process", "subprocess.Popen"):
                [str(ROOT / ".venv-atlas/bin/python")],
            ("scripts/msae_independent_measurement_v3_post_m2_gen9_runtime.py",
             "_run_tmux_client", "subprocess.Popen"):
                ["/usr/bin/tmux"],
        }
        dynamic_import_mappings = {
            ("scripts/msae_independent_measurement_v3_post_m1_runtime.py",
             "cpu_no_model_public_entry_trace", "runner_path"):
                ("scripts/run_msae_independent_calibration_v3.py",
                 "scripts/run_msae_independent_calibration_v3.py"),
            ("scripts/msae_independent_measurement_v3_post_m1_runtime.py",
             "_rooted_generic_build_stage_a", "dependency_path"):
                ("scripts/msae_measurement_v2.py", "msae_measurement_v2.py"),
            ("scripts/msae_independent_measurement_v3_post_m1_runtime.py",
             "_rooted_generic_build_stage_a", "builder_path"):
                ("scripts/msae_measurement_remediation_v1.py",
                 "msae_measurement_remediation_v1.py"),
            ("scripts/msae_independent_measurement_v3_post_m2_gen9_runtime.py",
             "_rooted_generic_protocol_config", "builder_path"):
                ("scripts/msae_independent_measurement_v3.py",
                 "scripts/msae_independent_measurement_v3.py"),
            ("scripts/msae_independent_measurement_v3_post_m2_gen9_runtime.py",
             "_rebuild_generic_config_at_synthetic_root", "builder_path"):
                ("scripts/msae_independent_measurement_v3.py",
                 "scripts/msae_independent_measurement_v3.py"),
            ("scripts/msae_independent_measurement_v3_post_m2_gen9_runtime.py",
             "cpu_no_model_public_entry_trace", "runner_path"):
                ("scripts/run_msae_independent_calibration_v3_gen9.py",
                 "scripts/run_msae_independent_calibration_v3_gen9.py"),
            ("scripts/msae_independent_measurement_v3_post_m2_gen9_runtime.py",
             "_rooted_generic_build_stage_a", "dependency_path"):
                ("scripts/msae_measurement_v2.py", "msae_measurement_v2.py"),
            ("scripts/msae_independent_measurement_v3_post_m2_gen9_runtime.py",
             "_rooted_generic_build_stage_a", "builder_path"):
                ("scripts/msae_measurement_remediation_v1.py",
                 "msae_measurement_remediation_v1.py"),
        }
        # The exact canonical paths are enumerated separately in the closure's
        # typed finite-file registry.  Sites bind this registry identifier rather
        # than broad directory prefixes; the behavioral trace checks every observed
        # request against the registry entries.
        dynamic_file_mapping = ["typed_registry:msae_v3_finite_file_registry_v1"]
        path_taking_helpers = _path_taking_local_helpers(root=root)
        while queue:
            relative = queue.pop(0)
            if relative in parsed:
                continue
            path = root / relative
            tree = ast.parse(path.read_text(encoding="utf-8"), filename=relative)
            parsed[relative] = tree
            scopes = [(node.lineno, node.end_lineno or node.lineno, node.name)
                      for node in ast.walk(tree)
                      if isinstance(node, (ast.FunctionDef, ast.AsyncFunctionDef))]
            def enclosing(line: int) -> str:
                candidates = [(end - start, name) for start, end, name in scopes
                              if start <= line <= end]
                return min(candidates)[1] if candidates else "<module>"
            assignments_by_scope: dict[str, dict[str, list[ast.AST]]] = collections.defaultdict(
                lambda: collections.defaultdict(list))
            for assignment in ast.walk(tree):
                if isinstance(assignment, (ast.Assign, ast.AnnAssign)) and assignment.value is not None:
                    targets = assignment.targets if isinstance(assignment, ast.Assign) else [assignment.target]
                    for target in targets:
                        if isinstance(target, ast.Name):
                            assignments_by_scope[enclosing(assignment.lineno)][target.id].append(
                                assignment.value)
    
            def statically_assigned_literals(expression: ast.AST | None,
                                              scope: str,
                                              seen: frozenset[str] = frozenset()) -> set[str]:
                if expression is None:
                    return set()
                if isinstance(expression, ast.Constant) and isinstance(expression.value, str):
                    return {expression.value}
                if (isinstance(expression, ast.Call)
                        and _qualified_call_name(expression.func) in {"Path", "pathlib.Path"}
                        and expression.args):
                    return statically_assigned_literals(expression.args[0], scope, seen)
                if isinstance(expression, ast.Name) and expression.id not in seen:
                    values = (assignments_by_scope[scope].get(expression.id, [])
                              or assignments_by_scope["<module>"].get(expression.id, []))
                    return set().union(*(
                        statically_assigned_literals(value, scope, seen | {expression.id})
                        for value in values
                    )) if values else set()
                if isinstance(expression, ast.BinOp) and isinstance(expression.op, ast.Div):
                    left = statically_assigned_literals(expression.left, scope, seen)
                    right = statically_assigned_literals(expression.right, scope, seen)
                    return {str(Path(a) / b) for a in left for b in right}
                if isinstance(expression, ast.IfExp):
                    return (statically_assigned_literals(expression.body, scope, seen)
                            | statically_assigned_literals(expression.orelse, scope, seen))
                return set()
    
            def assignment_origin_expressions(expression: ast.AST | None, scope: str,
                                              seen: frozenset[str] = frozenset()) -> set[str]:
                if expression is None:
                    return set()
                result: set[str] = set()
                for name_node in (node for node in ast.walk(expression) if isinstance(node, ast.Name)):
                    if name_node.id in seen:
                        continue
                    values = (assignments_by_scope[scope].get(name_node.id, [])
                              or assignments_by_scope["<module>"].get(name_node.id, []))
                    for value in values:
                        result.add(f"{name_node.id}={ast.unparse(value)}")
                        result.update(assignment_origin_expressions(
                            value, scope, seen | {name_node.id}))
                return result
    
            def assignment_origin_string_literals(
                    expression: ast.AST | None, scope: str,
                    seen: frozenset[str] = frozenset()) -> set[str]:
                if expression is None:
                    return set()
                result = {node.value for node in ast.walk(expression)
                          if isinstance(node, ast.Constant) and isinstance(node.value, str)}
                for name_node in (node for node in ast.walk(expression)
                                  if isinstance(node, ast.Name)):
                    if name_node.id in seen:
                        continue
                    values = (assignments_by_scope[scope].get(name_node.id, [])
                              or assignments_by_scope["<module>"].get(name_node.id, []))
                    for value in values:
                        result.update(assignment_origin_string_literals(
                            value, scope, seen | {name_node.id}))
                return result
            dangerous_attributes = (process_calls | file_calls | library_calls | network_calls
                                    | network_leaf_calls)
            dangerous_leaf_names = {value.rsplit(".", 1)[-1] for value in dangerous_attributes}
            call_aliases: dict[str, str] = {}
            module_aliases: dict[str, str] = {}
            for candidate in ast.walk(tree):
                if isinstance(candidate, ast.Import):
                    for alias in candidate.names:
                        head = alias.name.split(".", 1)[0]
                        if head in {"subprocess", "os", "socket", "ctypes", "io", "pathlib", "importlib"}:
                            module_aliases[alias.asname or head] = head
                elif isinstance(candidate, ast.ImportFrom) and candidate.module == "pathlib":
                    for alias in candidate.names:
                        if alias.name == "Path":
                            module_aliases[alias.asname or alias.name] = "Path"
            def normalize_call(value: str | None) -> str | None:
                if value is None:
                    return None
                head, separator, tail = value.partition(".")
                replacement = module_aliases.get(head)
                return f"{replacement}{separator}{tail}" if replacement is not None else value
            for candidate in ast.walk(tree):
                if isinstance(candidate, (ast.Assign, ast.AnnAssign)):
                    value = candidate.value
                    qualified = normalize_call(_qualified_call_name(value)) if value is not None else None
                    if qualified in dangerous_attributes:
                        targets = (candidate.targets if isinstance(candidate, ast.Assign)
                                   else [candidate.target])
                        if len(targets) != 1 or not isinstance(targets[0], ast.Name):
                            raise ValueError(f"indirect dangerous-call alias is forbidden: "
                                             f"{relative}:{candidate.lineno}")
                        call_aliases[targets[0].id] = qualified
                elif isinstance(candidate, ast.ImportFrom) and candidate.module in {
                        "subprocess", "ctypes", "socket", "pathlib", "os", "io"}:
                    for alias in candidate.names:
                        qualified = f"{candidate.module}.{alias.name}"
                        if qualified in dangerous_attributes:
                            call_aliases[alias.asname or alias.name] = qualified
            imports: list[tuple[str, int]] = []
            for node in ast.walk(tree):
                if isinstance(node, ast.Import):
                    imports.extend((alias.name, node.lineno) for alias in node.names)
                elif isinstance(node, ast.ImportFrom):
                    if node.level:
                        raise ValueError(f"relative local import is not supported by frozen resolver: {relative}:{node.lineno}")
                    if node.module:
                        imports.append((node.module, node.lineno))
                elif isinstance(node, ast.Call):
                    name = normalize_call(_qualified_call_name(node.func))
                    planted_probe_scope = (relative in {
                        "scripts/msae_independent_measurement_v3_post_m1_runtime.py",
                        "scripts/msae_independent_measurement_v3_post_m2_gen9_runtime.py"} and
                        enclosing(node.lineno) == "cpu_no_model_public_entry_trace")
                    if isinstance(node.func, (ast.Call, ast.Subscript, ast.Lambda)) and not planted_probe_scope:
                        raise ValueError(f"unresolved dynamic callable is forbidden: {relative}:{node.lineno}")
                    if name in {"eval", "exec", "compile"}:
                        raise ValueError(f"runtime code evaluation is forbidden: {relative}:{node.lineno}:{name}")
                    if name == "getattr":
                        if len(node.args) < 2 or not isinstance(node.args[1], ast.Constant) or \
                                not isinstance(node.args[1].value, str):
                            allowed_dynamic_getattr = {
                                ("scripts/msae_independent_measurement_v3_post_m1.py", "__getattr__"),
                                ("scripts/msae_independent_measurement_v3_post_m1_runtime.py",
                                 "verify_authorization"),
                                ("scripts/msae_independent_measurement_v3_post_m2_gen9_runtime.py",
                                 "verify_authorization"),
                            }
                            if (relative, enclosing(node.lineno)) not in allowed_dynamic_getattr:
                                raise ValueError(f"dynamic getattr dispatch is forbidden: {relative}:{node.lineno}")
                        elif node.args[1].value in dangerous_leaf_names and not planted_probe_scope:
                            raise ValueError(f"indirect dangerous getattr is forbidden: "
                                             f"{relative}:{node.lineno}:{node.args[1].value}")
                    if name in call_aliases:
                        name = call_aliases[name]
                    if name in {"__import__", "importlib.import_module"}:
                        raise ValueError(f"dynamic import is forbidden: {relative}:{node.lineno}:{name}")
                    if name in {"importlib.util.spec_from_file_location",
                                "continuation.source_only_module_spec"}:
                        scope = enclosing(node.lineno)
                        if len(node.args) < 2:
                            raise ValueError(
                                f"dynamic import lacks an exact path argument: {relative}:{node.lineno}")
                        argument_expression = ast.unparse(node.args[1])
                        mapping = dynamic_import_mappings.get(
                            (relative, scope, argument_expression))
                        if mapping is None:
                            raise ValueError(
                                f"dynamic import site lacks an exact mapping: "
                                f"{relative}:{scope}:{argument_expression}")
                        target, required_origin_literal = mapping
                        origin_literals = assignment_origin_string_literals(
                            node.args[1], scope)
                        if required_origin_literal not in origin_literals:
                            raise ValueError(
                                f"dynamic import target origin drift: {relative}:{scope}:"
                                f"{argument_expression}:{sorted(origin_literals)}")
                        dynamic_imports.append({"path": relative, "line": node.lineno,
                                                "operation": name,
                                                "argument_expression": argument_expression,
                                                "assignment_origin_literals": sorted(origin_literals),
                                                "finite_mapping": [target]})
                    leaf = node.func.attr if isinstance(node.func, ast.Attribute) else None
                    helper_leaf = (node.func.attr if isinstance(node.func, ast.Attribute)
                                   else node.func.id if isinstance(node.func, ast.Name) else None)
                    helper_path_bindings = path_taking_helpers.get(str(helper_leaf), ())
                    helper_path_indices = tuple(index for index, _ in helper_path_bindings)
                    category = ("process" if name in process_calls else
                                "file" if name in file_calls or
                                helper_path_indices or
                                (leaf in
                                 {"open", "read_bytes", "read_text", "write_bytes", "write_text",
                                  "unlink", "mkdir", "rename", "replace", "rmdir", "exists",
                                  "is_file", "is_dir", "is_symlink", "stat", "lstat", "iterdir",
                                  "rglob", "glob", "resolve", "ftruncate", "fchmod", "close",
                                  "remove", "chmod", "readlink", "rmtree"}) else
                                "library" if name in library_calls else
                                "network" if name in network_calls or leaf in network_leaf_calls else None)
                    if category is not None:
                        # This one function contains deliberately forbidden calls
                        # executed only after all real surfaces are monkeypatched;
                        # they are behavioral negative fixtures, never allowlist
                        # entries.
                        if planted_probe_scope:
                            continue
                        if name == "os.system" or any(keyword.arg == "shell" and
                                                       isinstance(keyword.value, ast.Constant) and
                                                       keyword.value.value is True
                                                       for keyword in node.keywords):
                            raise ValueError(f"shell expansion is forbidden: {relative}:{node.lineno}")
                        if category == "network" and name == "socket.socket":
                            explicit_unix = (bool(node.args)
                                and isinstance(node.args[0], ast.Attribute)
                                and _qualified_call_name(node.args[0]) == "socket.AF_UNIX")
                            typed_inherited_fd = (not node.args
                                and len(node.keywords) == 1
                                and node.keywords[0].arg == "fileno")
                            if not (explicit_unix or typed_inherited_fd):
                                raise ValueError(
                                    f"non-UNIX network surface is forbidden: {relative}:{node.lineno}")
                        literal = None
                        file_literal = None
                        scope = enclosing(node.lineno)
                        path_argument_index = helper_path_indices[0] if helper_path_indices else 0
                        path_argument: ast.AST | None = (
                            node.args[path_argument_index]
                            if len(node.args) > path_argument_index else None)
                        if path_argument is None and helper_path_bindings:
                            keyword_names = {name for index, name in helper_path_bindings
                                             if index == path_argument_index}
                            matches = [keyword.value for keyword in node.keywords
                                       if keyword.arg in keyword_names]
                            if len(matches) == 1:
                                path_argument = matches[0]
                        if (path_argument is None and category == "file"
                                and isinstance(node.func, ast.Attribute)
                                and not (name or "").startswith(("os.", "io."))):
                            path_argument = node.func.value
                        if path_argument is not None:
                            first = path_argument
                            if isinstance(first, ast.Constant) and isinstance(first.value, (str, type(None))):
                                literal = first.value
                            elif (isinstance(first, (ast.List, ast.Tuple)) and first.elts
                                  and isinstance(first.elts[0], ast.Constant)
                                  and isinstance(first.elts[0].value, (str, type(None)))):
                                literal = first.elts[0].value
                            elif (isinstance(first, ast.Call)
                                  and _qualified_call_name(first.func) in {"Path", "pathlib.Path"}
                                  and first.args and isinstance(first.args[0], ast.Constant)
                                  and isinstance(first.args[0].value, str)):
                                literal = first.args[0].value
                        receiver_literal = None
                        if (category == "file" and isinstance(node.func, ast.Attribute)
                                and isinstance(node.func.value, ast.Call)
                                and _qualified_call_name(node.func.value.func) == "Path"
                                and node.func.value.args
                                and isinstance(node.func.value.args[0], ast.Constant)
                                and isinstance(node.func.value.args[0].value, str)):
                            receiver_literal = node.func.value.args[0].value
                        file_literal = receiver_literal if receiver_literal is not None else literal
                        if (category == "file" and isinstance(file_literal, str)
                                and os.path.isabs(file_literal)
                                and file_literal not in allowed_absolute_file_literals):
                            raise ValueError(f"absolute file literal is outside the typed finite registry: "
                                             f"{relative}:{node.lineno}:{file_literal}")
                        assigned_literals = statically_assigned_literals(path_argument, scope)
                        forbidden_assigned = sorted(
                            value for value in assigned_literals
                            if os.path.isabs(value) and value not in allowed_absolute_file_literals
                        )
                        if forbidden_assigned and not planted_probe_scope:
                            raise ValueError(
                                "dynamic file value has an assigned literal outside the finite registry: "
                                f"{relative}:{scope}:{node.lineno}:{forbidden_assigned}")
                        if category == "process" and literal is not None:
                            if not isinstance(literal, str) or literal not in allowed_process_literals:
                                raise ValueError(
                                    f"process target is outside the static allowlist: "
                                    f"{relative}:{node.lineno}:{literal!r}")
                        if category == "library" and literal is not None:
                            raise ValueError(
                                f"literal dlopen target is outside the distribution/ELF closure: "
                                f"{relative}:{node.lineno}:{literal!r}")
                        finite_mapping: list[Any]
                        if category == "file":
                            finite_mapping = dynamic_file_mapping
                        elif category == "process":
                            finite_mapping = ["typed_registry:msae_v3_finite_process_registry_v1"]
                        elif category == "network":
                            finite_mapping = (["AF_UNIX"] if name == "socket.socket" else
                                              ["typed_registry:unix_socket_path_or_bound_socket"])
                        elif category == "library":
                            if not node.args or not isinstance(node.args[0], ast.Constant) or node.args[0].value is not None:
                                raise ValueError(
                                    f"dynamic dlopen site lacks a finite mapping: {relative}:{node.lineno}")
                            finite_mapping = ["process_global_libc"]
                        else:
                            finite_mapping = dynamic_file_mapping
                        site_payload = {"path": relative, "function": scope,
                                        "category": category,
                                        "operation": name if name is not None else f"<dynamic>.{leaf}",
                                        "receiver_expression": (ast.unparse(node.func.value)
                                                                if isinstance(node.func, ast.Attribute)
                                                                else None),
                                        "argument_expression": (
                                            ast.unparse(path_argument)
                                            if path_argument is not None else None),
                                        "assignment_origin_expressions": sorted(
                                            assignment_origin_expressions(path_argument, scope))}
                        site_id = base.sha_bytes(base.canonical_bytes(site_payload))
                        if category == "file" and file_literal is None:
                            if site_id not in FROZEN_DYNAMIC_FILE_SITE_BINDING_IDS:
>                               raise ValueError(
                                    "dynamic file site lacks a reviewed typed-field binding: "
                                    f"{relative}:{scope}:{node.lineno}:{site_id}")
E                               ValueError: dynamic file site lacks a reviewed typed-field binding: scripts/msae_independent_measurement_v3_post_m2_gen9.py:_source_only_bytes:47:fc487f87e3ffe2ff6c95508dd06238461554747408d99760c6679a17c69d2fa8

scripts/msae_independent_measurement_v3_post_m2_gen9_runtime.py:9930: ValueError
________ test_cpu_trace_validator_rejects_process_registry_substitution ________

monkeypatch = <_pytest.monkeypatch.MonkeyPatch object at 0x7586e07ee240>

    def test_cpu_trace_validator_rejects_process_registry_substitution(monkeypatch):
        gates = {
            "plan_sha256": runtime.FROZEN_PLAN_SHA256,
            "plan_entry": {}, "plan_review_sha256": "a" * 64,
            "plan_review_entry": {}, "pre_capability_review_sha256": "c" * 64,
            "pre_capability_review_entry": {},
            "implementation_review_sha256": "b" * 64,
            "implementation_review_entry": {},
        }
>       value = runtime.cpu_no_model_public_entry_trace(review_gates=gates)

tests/test_msae_independent_measurement_v3_post_m9_gen9.py:2397: 
_ _ _ _ _ _ _ _ _ _ _ _ _ _ _ _ _ _ _ _ _ _ _ _ _ _ _ _ _ _ _ _ _ _ _ _ _ _ _ _ 
scripts/msae_independent_measurement_v3_post_m2_gen9_runtime.py:10448: in cpu_no_model_public_entry_trace
    static_analysis = _static_closure_analysis(root=root)
_ _ _ _ _ _ _ _ _ _ _ _ _ _ _ _ _ _ _ _ _ _ _ _ _ _ _ _ _ _ _ _ _ _ _ _ _ _ _ _ 

    def _static_closure_analysis(*, root: Path = ROOT) -> dict[str, Any]:
        """Recursively resolve local imports and statically close dangerous surfaces."""
        queue = list(LOCAL_PYTHON_ENTRYPOINTS)
        parsed: dict[str, ast.Module] = {}
        import_edges: list[dict[str, str]] = []
        external_modules: set[str] = set()
        surfaces: list[dict[str, Any]] = []
        dynamic_imports: list[dict[str, Any]] = []
        process_calls = {"subprocess.run", "subprocess.check_output", "subprocess.check_call",
                         "subprocess.Popen", "os.execve", "os.execv", "os.execl", "os.system"}
        file_calls = {"open", "io.open", "os.open", "os.read", "os.write", "os.lseek",
                      "os.fstat", "os.fsync", "os.ftruncate", "os.fchmod", "os.close",
                      "os.mkdir", "os.rename", "os.replace", "os.unlink", "os.remove",
                      "os.stat", "os.lstat", "os.readlink", "os.chmod",
                      "os.scandir", "os.walk", "os.listdir", "shutil.rmtree",
                      "Path.open", "Path.read_bytes", "Path.read_text", "Path.write_bytes",
                      "Path.write_text", "Path.unlink", "Path.mkdir", "Path.rename",
                      "Path.replace", "Path.rmdir", "Path.exists", "Path.is_file",
                      "Path.is_dir", "Path.is_symlink", "Path.stat", "Path.lstat",
                      "Path.iterdir", "Path.rglob", "Path.glob", "Path.resolve"}
        library_calls = {"ctypes.CDLL", "ctypes.PyDLL", "ctypes.cdll.LoadLibrary"}
        network_calls = {"socket.socket", "socket.create_connection"}
        network_leaf_calls = {"connect", "bind", "listen", "accept", "sendall", "sendmsg",
                              "recv", "recvmsg", "getsockopt", "settimeout"}
        allowed_process_literals = {"/usr/bin/bash", "/usr/bin/git", "/usr/bin/ldd",
                                    "/usr/bin/nvidia-smi", "/usr/bin/strace", "/usr/bin/tmux",
                                    str(ROOT / ".venv-atlas/bin/python")}
        allowed_absolute_file_literals = {
                "/", "/proc", "/proc/net/unix", "/proc/self/fd", "/proc/self/maps",
                "/proc/self/mountinfo",
                "/dev/null", "/tmp", "/usr/${LIB}/",
            "/usr/lib/python3.12", "/usr/lib/x86_64-linux-gnu",
            "/usr/lib/x86_64-linux-gnu/libcuda.so.1",
            "/usr/lib/python3.12/site-packages", "/usr/local/lib/python3.12/dist-packages",
            "/usr/lib/python3/dist-packages", "/usr/bin/bash", "/usr/bin/git",
            "/usr/bin/ldd", "/usr/bin/nvidia-smi", "/usr/bin/strace", "/usr/bin/tmux",
                str(ROOT / ".venv-atlas/bin/python"), str(base.SNAPSHOT), str(ACTIVE_PRIVATE_KEY),
                str(PLAN_PATH), str(continuation.CONTROLLER_PATH), str(RUNTIME),
                str(RUNNER), str(LAUNCHER), str(TMUX_TEST_SUPERVISOR),
                str(RUNTIME_RFC), str(RUNTIME_TEST),
            str(base.PRIVATE_KEY), str(base.PRIMARY_BUILD_ROOT), str(base.REBUILD_BUILD_ROOT),
            str(base.STATE_ROOT), str(base.NONCE_DIR.parent), str(base.NONCE_DIR),
                str(base.GPU_LOCK_DIR), str(base.RUN_ROOT),
                    str(ACTIVE_CONFIG), str(ACTIVE_PROV), str(ACTIVE_M4_DATA),
                    str(ACTIVE_STATE), str(ACTIVE_NONCE_DIR),
                    str(ACTIVE_RUN_ROOT), str(SIGN_TRANSACTION),
                    str(M4_PRIMARY), str(M4_REBUILD), str(M4_TRANSACTION),
                    str(SETUP_JOURNAL), str(SETUP_MANIFEST),
                    str(SETUP_KEY_TRANSACTION),
                    str(SETUP_KEY_TRANSACTION / "private_key.payload"),
                    str(SETUP_KEY_TRANSACTION / "key_binding.json"),
                    str(CAPABILITY_ANALYSIS_ROOT), str(CAPABILITY_TRANSACTION),
                    str(CAPABILITY_REPORT), str(CAPABILITY_PROBE_ROOT),
                    str(CAPABILITY_PROBE_ROOT / "gen9_staging.json"),
                    str(CAPABILITY_PROBE_ROOT / "gen9_destination.json"),
                    str(NFS_PUBLISHER_TEST_ROOT), str(LOCAL_REJECTION_TEST_ROOT),
            str(predecessor_runtime.ACTIVE_PRIVATE_KEY),
            str(predecessor_runtime.ACTIVE_STATE), str(predecessor_runtime.ACTIVE_NONCE_DIR),
            str(predecessor_runtime.M4_PRIMARY), str(predecessor_runtime.M4_REBUILD),
            str(predecessor_runtime.ACTIVE_RUN_ROOT),
            "/tmp/msae_independent_measurement_v3_gen2_failure_reproduction",
            ("/tmp/msae_independent_measurement_v3_gen2_failure_reproduction/"
             ".venv-atlas/bin/python"),
            "/tmp/msae_surface_probe_check.json", "/tmp/msae_surface_probe_trace.log",
        }
        dynamic_process_mappings = {
            ("scripts/msae_independent_measurement_v3.py", "prescore_traced_check", "subprocess.run"):
                ["/usr/bin/strace"],
            ("scripts/msae_independent_measurement_v3.py", "broker", "os.execve"):
                [str(ROOT / ".venv-atlas/bin/python")],
            ("scripts/msae_independent_measurement_v3_post_m1_runtime.py",
             "_prescore_traced_check_impl", "subprocess.run"): ["/usr/bin/strace"],
            ("scripts/msae_independent_measurement_v3_post_m1_runtime.py", "broker", "os.execve"):
                [str(ROOT / ".venv-atlas/bin/python")],
            ("scripts/msae_independent_measurement_v3_post_m1_runtime.py",
             "_supervise_broker_process", "subprocess.Popen"):
                [str(ROOT / ".venv-atlas/bin/python")],
            ("scripts/msae_independent_measurement_v3_post_m2_gen9_runtime.py",
             "_prescore_traced_check_impl", "subprocess.run"): ["/usr/bin/strace"],
            ("scripts/msae_independent_measurement_v3_post_m2_gen9_runtime.py", "broker", "os.execve"):
                [str(ROOT / ".venv-atlas/bin/python")],
            ("scripts/msae_independent_measurement_v3_post_m2_gen9_runtime.py",
             "_supervise_broker_process", "subprocess.Popen"):
                [str(ROOT / ".venv-atlas/bin/python")],
            ("scripts/msae_independent_measurement_v3_post_m2_gen9_runtime.py",
             "_run_tmux_client", "subprocess.Popen"):
                ["/usr/bin/tmux"],
        }
        dynamic_import_mappings = {
            ("scripts/msae_independent_measurement_v3_post_m1_runtime.py",
             "cpu_no_model_public_entry_trace", "runner_path"):
                ("scripts/run_msae_independent_calibration_v3.py",
                 "scripts/run_msae_independent_calibration_v3.py"),
            ("scripts/msae_independent_measurement_v3_post_m1_runtime.py",
             "_rooted_generic_build_stage_a", "dependency_path"):
                ("scripts/msae_measurement_v2.py", "msae_measurement_v2.py"),
            ("scripts/msae_independent_measurement_v3_post_m1_runtime.py",
             "_rooted_generic_build_stage_a", "builder_path"):
                ("scripts/msae_measurement_remediation_v1.py",
                 "msae_measurement_remediation_v1.py"),
            ("scripts/msae_independent_measurement_v3_post_m2_gen9_runtime.py",
             "_rooted_generic_protocol_config", "builder_path"):
                ("scripts/msae_independent_measurement_v3.py",
                 "scripts/msae_independent_measurement_v3.py"),
            ("scripts/msae_independent_measurement_v3_post_m2_gen9_runtime.py",
             "_rebuild_generic_config_at_synthetic_root", "builder_path"):
                ("scripts/msae_independent_measurement_v3.py",
                 "scripts/msae_independent_measurement_v3.py"),
            ("scripts/msae_independent_measurement_v3_post_m2_gen9_runtime.py",
             "cpu_no_model_public_entry_trace", "runner_path"):
                ("scripts/run_msae_independent_calibration_v3_gen9.py",
                 "scripts/run_msae_independent_calibration_v3_gen9.py"),
            ("scripts/msae_independent_measurement_v3_post_m2_gen9_runtime.py",
             "_rooted_generic_build_stage_a", "dependency_path"):
                ("scripts/msae_measurement_v2.py", "msae_measurement_v2.py"),
            ("scripts/msae_independent_measurement_v3_post_m2_gen9_runtime.py",
             "_rooted_generic_build_stage_a", "builder_path"):
                ("scripts/msae_measurement_remediation_v1.py",
                 "msae_measurement_remediation_v1.py"),
        }
        # The exact canonical paths are enumerated separately in the closure's
        # typed finite-file registry.  Sites bind this registry identifier rather
        # than broad directory prefixes; the behavioral trace checks every observed
        # request against the registry entries.
        dynamic_file_mapping = ["typed_registry:msae_v3_finite_file_registry_v1"]
        path_taking_helpers = _path_taking_local_helpers(root=root)
        while queue:
            relative = queue.pop(0)
            if relative in parsed:
                continue
            path = root / relative
            tree = ast.parse(path.read_text(encoding="utf-8"), filename=relative)
            parsed[relative] = tree
            scopes = [(node.lineno, node.end_lineno or node.lineno, node.name)
                      for node in ast.walk(tree)
                      if isinstance(node, (ast.FunctionDef, ast.AsyncFunctionDef))]
            def enclosing(line: int) -> str:
                candidates = [(end - start, name) for start, end, name in scopes
                              if start <= line <= end]
                return min(candidates)[1] if candidates else "<module>"
            assignments_by_scope: dict[str, dict[str, list[ast.AST]]] = collections.defaultdict(
                lambda: collections.defaultdict(list))
            for assignment in ast.walk(tree):
                if isinstance(assignment, (ast.Assign, ast.AnnAssign)) and assignment.value is not None:
                    targets = assignment.targets if isinstance(assignment, ast.Assign) else [assignment.target]
                    for target in targets:
                        if isinstance(target, ast.Name):
                            assignments_by_scope[enclosing(assignment.lineno)][target.id].append(
                                assignment.value)
    
            def statically_assigned_literals(expression: ast.AST | None,
                                              scope: str,
                                              seen: frozenset[str] = frozenset()) -> set[str]:
                if expression is None:
                    return set()
                if isinstance(expression, ast.Constant) and isinstance(expression.value, str):
                    return {expression.value}
                if (isinstance(expression, ast.Call)
                        and _qualified_call_name(expression.func) in {"Path", "pathlib.Path"}
                        and expression.args):
                    return statically_assigned_literals(expression.args[0], scope, seen)
                if isinstance(expression, ast.Name) and expression.id not in seen:
                    values = (assignments_by_scope[scope].get(expression.id, [])
                              or assignments_by_scope["<module>"].get(expression.id, []))
                    return set().union(*(
                        statically_assigned_literals(value, scope, seen | {expression.id})
                        for value in values
                    )) if values else set()
                if isinstance(expression, ast.BinOp) and isinstance(expression.op, ast.Div):
                    left = statically_assigned_literals(expression.left, scope, seen)
                    right = statically_assigned_literals(expression.right, scope, seen)
                    return {str(Path(a) / b) for a in left for b in right}
                if isinstance(expression, ast.IfExp):
                    return (statically_assigned_literals(expression.body, scope, seen)
                            | statically_assigned_literals(expression.orelse, scope, seen))
                return set()
    
            def assignment_origin_expressions(expression: ast.AST | None, scope: str,
                                              seen: frozenset[str] = frozenset()) -> set[str]:
                if expression is None:
                    return set()
                result: set[str] = set()
                for name_node in (node for node in ast.walk(expression) if isinstance(node, ast.Name)):
                    if name_node.id in seen:
                        continue
                    values = (assignments_by_scope[scope].get(name_node.id, [])
                              or assignments_by_scope["<module>"].get(name_node.id, []))
                    for value in values:
                        result.add(f"{name_node.id}={ast.unparse(value)}")
                        result.update(assignment_origin_expressions(
                            value, scope, seen | {name_node.id}))
                return result
    
            def assignment_origin_string_literals(
                    expression: ast.AST | None, scope: str,
                    seen: frozenset[str] = frozenset()) -> set[str]:
                if expression is None:
                    return set()
                result = {node.value for node in ast.walk(expression)
                          if isinstance(node, ast.Constant) and isinstance(node.value, str)}
                for name_node in (node for node in ast.walk(expression)
                                  if isinstance(node, ast.Name)):
                    if name_node.id in seen:
                        continue
                    values = (assignments_by_scope[scope].get(name_node.id, [])
                              or assignments_by_scope["<module>"].get(name_node.id, []))
                    for value in values:
                        result.update(assignment_origin_string_literals(
                            value, scope, seen | {name_node.id}))
                return result
            dangerous_attributes = (process_calls | file_calls | library_calls | network_calls
                                    | network_leaf_calls)
            dangerous_leaf_names = {value.rsplit(".", 1)[-1] for value in dangerous_attributes}
            call_aliases: dict[str, str] = {}
            module_aliases: dict[str, str] = {}
            for candidate in ast.walk(tree):
                if isinstance(candidate, ast.Import):
                    for alias in candidate.names:
                        head = alias.name.split(".", 1)[0]
                        if head in {"subprocess", "os", "socket", "ctypes", "io", "pathlib", "importlib"}:
                            module_aliases[alias.asname or head] = head
                elif isinstance(candidate, ast.ImportFrom) and candidate.module == "pathlib":
                    for alias in candidate.names:
                        if alias.name == "Path":
                            module_aliases[alias.asname or alias.name] = "Path"
            def normalize_call(value: str | None) -> str | None:
                if value is None:
                    return None
                head, separator, tail = value.partition(".")
                replacement = module_aliases.get(head)
                return f"{replacement}{separator}{tail}" if replacement is not None else value
            for candidate in ast.walk(tree):
                if isinstance(candidate, (ast.Assign, ast.AnnAssign)):
                    value = candidate.value
                    qualified = normalize_call(_qualified_call_name(value)) if value is not None else None
                    if qualified in dangerous_attributes:
                        targets = (candidate.targets if isinstance(candidate, ast.Assign)
                                   else [candidate.target])
                        if len(targets) != 1 or not isinstance(targets[0], ast.Name):
                            raise ValueError(f"indirect dangerous-call alias is forbidden: "
                                             f"{relative}:{candidate.lineno}")
                        call_aliases[targets[0].id] = qualified
                elif isinstance(candidate, ast.ImportFrom) and candidate.module in {
                        "subprocess", "ctypes", "socket", "pathlib", "os", "io"}:
                    for alias in candidate.names:
                        qualified = f"{candidate.module}.{alias.name}"
                        if qualified in dangerous_attributes:
                            call_aliases[alias.asname or alias.name] = qualified
            imports: list[tuple[str, int]] = []
            for node in ast.walk(tree):
                if isinstance(node, ast.Import):
                    imports.extend((alias.name, node.lineno) for alias in node.names)
                elif isinstance(node, ast.ImportFrom):
                    if node.level:
                        raise ValueError(f"relative local import is not supported by frozen resolver: {relative}:{node.lineno}")
                    if node.module:
                        imports.append((node.module, node.lineno))
                elif isinstance(node, ast.Call):
                    name = normalize_call(_qualified_call_name(node.func))
                    planted_probe_scope = (relative in {
                        "scripts/msae_independent_measurement_v3_post_m1_runtime.py",
                        "scripts/msae_independent_measurement_v3_post_m2_gen9_runtime.py"} and
                        enclosing(node.lineno) == "cpu_no_model_public_entry_trace")
                    if isinstance(node.func, (ast.Call, ast.Subscript, ast.Lambda)) and not planted_probe_scope:
                        raise ValueError(f"unresolved dynamic callable is forbidden: {relative}:{node.lineno}")
                    if name in {"eval", "exec", "compile"}:
                        raise ValueError(f"runtime code evaluation is forbidden: {relative}:{node.lineno}:{name}")
                    if name == "getattr":
                        if len(node.args) < 2 or not isinstance(node.args[1], ast.Constant) or \
                                not isinstance(node.args[1].value, str):
                            allowed_dynamic_getattr = {
                                ("scripts/msae_independent_measurement_v3_post_m1.py", "__getattr__"),
                                ("scripts/msae_independent_measurement_v3_post_m1_runtime.py",
                                 "verify_authorization"),
                                ("scripts/msae_independent_measurement_v3_post_m2_gen9_runtime.py",
                                 "verify_authorization"),
                            }
                            if (relative, enclosing(node.lineno)) not in allowed_dynamic_getattr:
                                raise ValueError(f"dynamic getattr dispatch is forbidden: {relative}:{node.lineno}")
                        elif node.args[1].value in dangerous_leaf_names and not planted_probe_scope:
                            raise ValueError(f"indirect dangerous getattr is forbidden: "
                                             f"{relative}:{node.lineno}:{node.args[1].value}")
                    if name in call_aliases:
                        name = call_aliases[name]
                    if name in {"__import__", "importlib.import_module"}:
                        raise ValueError(f"dynamic import is forbidden: {relative}:{node.lineno}:{name}")
                    if name in {"importlib.util.spec_from_file_location",
                                "continuation.source_only_module_spec"}:
                        scope = enclosing(node.lineno)
                        if len(node.args) < 2:
                            raise ValueError(
                                f"dynamic import lacks an exact path argument: {relative}:{node.lineno}")
                        argument_expression = ast.unparse(node.args[1])
                        mapping = dynamic_import_mappings.get(
                            (relative, scope, argument_expression))
                        if mapping is None:
                            raise ValueError(
                                f"dynamic import site lacks an exact mapping: "
                                f"{relative}:{scope}:{argument_expression}")
                        target, required_origin_literal = mapping
                        origin_literals = assignment_origin_string_literals(
                            node.args[1], scope)
                        if required_origin_literal not in origin_literals:
                            raise ValueError(
                                f"dynamic import target origin drift: {relative}:{scope}:"
                                f"{argument_expression}:{sorted(origin_literals)}")
                        dynamic_imports.append({"path": relative, "line": node.lineno,
                                                "operation": name,
                                                "argument_expression": argument_expression,
                                                "assignment_origin_literals": sorted(origin_literals),
                                                "finite_mapping": [target]})
                    leaf = node.func.attr if isinstance(node.func, ast.Attribute) else None
                    helper_leaf = (node.func.attr if isinstance(node.func, ast.Attribute)
                                   else node.func.id if isinstance(node.func, ast.Name) else None)
                    helper_path_bindings = path_taking_helpers.get(str(helper_leaf), ())
                    helper_path_indices = tuple(index for index, _ in helper_path_bindings)
                    category = ("process" if name in process_calls else
                                "file" if name in file_calls or
                                helper_path_indices or
                                (leaf in
                                 {"open", "read_bytes", "read_text", "write_bytes", "write_text",
                                  "unlink", "mkdir", "rename", "replace", "rmdir", "exists",
                                  "is_file", "is_dir", "is_symlink", "stat", "lstat", "iterdir",
                                  "rglob", "glob", "resolve", "ftruncate", "fchmod", "close",
                                  "remove", "chmod", "readlink", "rmtree"}) else
                                "library" if name in library_calls else
                                "network" if name in network_calls or leaf in network_leaf_calls else None)
                    if category is not None:
                        # This one function contains deliberately forbidden calls
                        # executed only after all real surfaces are monkeypatched;
                        # they are behavioral negative fixtures, never allowlist
                        # entries.
                        if planted_probe_scope:
                            continue
                        if name == "os.system" or any(keyword.arg == "shell" and
                                                       isinstance(keyword.value, ast.Constant) and
                                                       keyword.value.value is True
                                                       for keyword in node.keywords):
                            raise ValueError(f"shell expansion is forbidden: {relative}:{node.lineno}")
                        if category == "network" and name == "socket.socket":
                            explicit_unix = (bool(node.args)
                                and isinstance(node.args[0], ast.Attribute)
                                and _qualified_call_name(node.args[0]) == "socket.AF_UNIX")
                            typed_inherited_fd = (not node.args
                                and len(node.keywords) == 1
                                and node.keywords[0].arg == "fileno")
                            if not (explicit_unix or typed_inherited_fd):
                                raise ValueError(
                                    f"non-UNIX network surface is forbidden: {relative}:{node.lineno}")
                        literal = None
                        file_literal = None
                        scope = enclosing(node.lineno)
                        path_argument_index = helper_path_indices[0] if helper_path_indices else 0
                        path_argument: ast.AST | None = (
                            node.args[path_argument_index]
                            if len(node.args) > path_argument_index else None)
                        if path_argument is None and helper_path_bindings:
                            keyword_names = {name for index, name in helper_path_bindings
                                             if index == path_argument_index}
                            matches = [keyword.value for keyword in node.keywords
                                       if keyword.arg in keyword_names]
                            if len(matches) == 1:
                                path_argument = matches[0]
                        if (path_argument is None and category == "file"
                                and isinstance(node.func, ast.Attribute)
                                and not (name or "").startswith(("os.", "io."))):
                            path_argument = node.func.value
                        if path_argument is not None:
                            first = path_argument
                            if isinstance(first, ast.Constant) and isinstance(first.value, (str, type(None))):
                                literal = first.value
                            elif (isinstance(first, (ast.List, ast.Tuple)) and first.elts
                                  and isinstance(first.elts[0], ast.Constant)
                                  and isinstance(first.elts[0].value, (str, type(None)))):
                                literal = first.elts[0].value
                            elif (isinstance(first, ast.Call)
                                  and _qualified_call_name(first.func) in {"Path", "pathlib.Path"}
                                  and first.args and isinstance(first.args[0], ast.Constant)
                                  and isinstance(first.args[0].value, str)):
                                literal = first.args[0].value
                        receiver_literal = None
                        if (category == "file" and isinstance(node.func, ast.Attribute)
                                and isinstance(node.func.value, ast.Call)
                                and _qualified_call_name(node.func.value.func) == "Path"
                                and node.func.value.args
                                and isinstance(node.func.value.args[0], ast.Constant)
                                and isinstance(node.func.value.args[0].value, str)):
                            receiver_literal = node.func.value.args[0].value
                        file_literal = receiver_literal if receiver_literal is not None else literal
                        if (category == "file" and isinstance(file_literal, str)
                                and os.path.isabs(file_literal)
                                and file_literal not in allowed_absolute_file_literals):
                            raise ValueError(f"absolute file literal is outside the typed finite registry: "
                                             f"{relative}:{node.lineno}:{file_literal}")
                        assigned_literals = statically_assigned_literals(path_argument, scope)
                        forbidden_assigned = sorted(
                            value for value in assigned_literals
                            if os.path.isabs(value) and value not in allowed_absolute_file_literals
                        )
                        if forbidden_assigned and not planted_probe_scope:
                            raise ValueError(
                                "dynamic file value has an assigned literal outside the finite registry: "
                                f"{relative}:{scope}:{node.lineno}:{forbidden_assigned}")
                        if category == "process" and literal is not None:
                            if not isinstance(literal, str) or literal not in allowed_process_literals:
                                raise ValueError(
                                    f"process target is outside the static allowlist: "
                                    f"{relative}:{node.lineno}:{literal!r}")
                        if category == "library" and literal is not None:
                            raise ValueError(
                                f"literal dlopen target is outside the distribution/ELF closure: "
                                f"{relative}:{node.lineno}:{literal!r}")
                        finite_mapping: list[Any]
                        if category == "file":
                            finite_mapping = dynamic_file_mapping
                        elif category == "process":
                            finite_mapping = ["typed_registry:msae_v3_finite_process_registry_v1"]
                        elif category == "network":
                            finite_mapping = (["AF_UNIX"] if name == "socket.socket" else
                                              ["typed_registry:unix_socket_path_or_bound_socket"])
                        elif category == "library":
                            if not node.args or not isinstance(node.args[0], ast.Constant) or node.args[0].value is not None:
                                raise ValueError(
                                    f"dynamic dlopen site lacks a finite mapping: {relative}:{node.lineno}")
                            finite_mapping = ["process_global_libc"]
                        else:
                            finite_mapping = dynamic_file_mapping
                        site_payload = {"path": relative, "function": scope,
                                        "category": category,
                                        "operation": name if name is not None else f"<dynamic>.{leaf}",
                                        "receiver_expression": (ast.unparse(node.func.value)
                                                                if isinstance(node.func, ast.Attribute)
                                                                else None),
                                        "argument_expression": (
                                            ast.unparse(path_argument)
                                            if path_argument is not None else None),
                                        "assignment_origin_expressions": sorted(
                                            assignment_origin_expressions(path_argument, scope))}
                        site_id = base.sha_bytes(base.canonical_bytes(site_payload))
                        if category == "file" and file_literal is None:
                            if site_id not in FROZEN_DYNAMIC_FILE_SITE_BINDING_IDS:
>                               raise ValueError(
                                    "dynamic file site lacks a reviewed typed-field binding: "
                                    f"{relative}:{scope}:{node.lineno}:{site_id}")
E                               ValueError: dynamic file site lacks a reviewed typed-field binding: scripts/msae_independent_measurement_v3_post_m2_gen9.py:_source_only_bytes:47:fc487f87e3ffe2ff6c95508dd06238461554747408d99760c6679a17c69d2fa8

scripts/msae_independent_measurement_v3_post_m2_gen9_runtime.py:9930: ValueError
_____ test_candidate_projection_contains_every_protected_predecessor_path ______

    def test_candidate_projection_contains_every_protected_predecessor_path():
>       candidate = set(runtime._candidate_relatives(include_m4=True))

tests/test_msae_independent_measurement_v3_post_m9_gen9.py:2426: 
_ _ _ _ _ _ _ _ _ _ _ _ _ _ _ _ _ _ _ _ _ _ _ _ _ _ _ _ _ _ _ _ _ _ _ _ _ _ _ _ 
scripts/msae_independent_measurement_v3_post_m2_gen9_runtime.py:11884: in _candidate_relatives
    paths = _closure_local_relative_names(bound_checkpoints, root=root)
scripts/msae_independent_measurement_v3_post_m2_gen9_runtime.py:11171: in _closure_local_relative_names
    paths.update(_static_closure_analysis(root=root)["local_modules"])
_ _ _ _ _ _ _ _ _ _ _ _ _ _ _ _ _ _ _ _ _ _ _ _ _ _ _ _ _ _ _ _ _ _ _ _ _ _ _ _ 

    def _static_closure_analysis(*, root: Path = ROOT) -> dict[str, Any]:
        """Recursively resolve local imports and statically close dangerous surfaces."""
        queue = list(LOCAL_PYTHON_ENTRYPOINTS)
        parsed: dict[str, ast.Module] = {}
        import_edges: list[dict[str, str]] = []
        external_modules: set[str] = set()
        surfaces: list[dict[str, Any]] = []
        dynamic_imports: list[dict[str, Any]] = []
        process_calls = {"subprocess.run", "subprocess.check_output", "subprocess.check_call",
                         "subprocess.Popen", "os.execve", "os.execv", "os.execl", "os.system"}
        file_calls = {"open", "io.open", "os.open", "os.read", "os.write", "os.lseek",
                      "os.fstat", "os.fsync", "os.ftruncate", "os.fchmod", "os.close",
                      "os.mkdir", "os.rename", "os.replace", "os.unlink", "os.remove",
                      "os.stat", "os.lstat", "os.readlink", "os.chmod",
                      "os.scandir", "os.walk", "os.listdir", "shutil.rmtree",
                      "Path.open", "Path.read_bytes", "Path.read_text", "Path.write_bytes",
                      "Path.write_text", "Path.unlink", "Path.mkdir", "Path.rename",
                      "Path.replace", "Path.rmdir", "Path.exists", "Path.is_file",
                      "Path.is_dir", "Path.is_symlink", "Path.stat", "Path.lstat",
                      "Path.iterdir", "Path.rglob", "Path.glob", "Path.resolve"}
        library_calls = {"ctypes.CDLL", "ctypes.PyDLL", "ctypes.cdll.LoadLibrary"}
        network_calls = {"socket.socket", "socket.create_connection"}
        network_leaf_calls = {"connect", "bind", "listen", "accept", "sendall", "sendmsg",
                              "recv", "recvmsg", "getsockopt", "settimeout"}
        allowed_process_literals = {"/usr/bin/bash", "/usr/bin/git", "/usr/bin/ldd",
                                    "/usr/bin/nvidia-smi", "/usr/bin/strace", "/usr/bin/tmux",
                                    str(ROOT / ".venv-atlas/bin/python")}
        allowed_absolute_file_literals = {
                "/", "/proc", "/proc/net/unix", "/proc/self/fd", "/proc/self/maps",
                "/proc/self/mountinfo",
                "/dev/null", "/tmp", "/usr/${LIB}/",
            "/usr/lib/python3.12", "/usr/lib/x86_64-linux-gnu",
            "/usr/lib/x86_64-linux-gnu/libcuda.so.1",
            "/usr/lib/python3.12/site-packages", "/usr/local/lib/python3.12/dist-packages",
            "/usr/lib/python3/dist-packages", "/usr/bin/bash", "/usr/bin/git",
            "/usr/bin/ldd", "/usr/bin/nvidia-smi", "/usr/bin/strace", "/usr/bin/tmux",
                str(ROOT / ".venv-atlas/bin/python"), str(base.SNAPSHOT), str(ACTIVE_PRIVATE_KEY),
                str(PLAN_PATH), str(continuation.CONTROLLER_PATH), str(RUNTIME),
                str(RUNNER), str(LAUNCHER), str(TMUX_TEST_SUPERVISOR),
                str(RUNTIME_RFC), str(RUNTIME_TEST),
            str(base.PRIVATE_KEY), str(base.PRIMARY_BUILD_ROOT), str(base.REBUILD_BUILD_ROOT),
            str(base.STATE_ROOT), str(base.NONCE_DIR.parent), str(base.NONCE_DIR),
                str(base.GPU_LOCK_DIR), str(base.RUN_ROOT),
                    str(ACTIVE_CONFIG), str(ACTIVE_PROV), str(ACTIVE_M4_DATA),
                    str(ACTIVE_STATE), str(ACTIVE_NONCE_DIR),
                    str(ACTIVE_RUN_ROOT), str(SIGN_TRANSACTION),
                    str(M4_PRIMARY), str(M4_REBUILD), str(M4_TRANSACTION),
                    str(SETUP_JOURNAL), str(SETUP_MANIFEST),
                    str(SETUP_KEY_TRANSACTION),
                    str(SETUP_KEY_TRANSACTION / "private_key.payload"),
                    str(SETUP_KEY_TRANSACTION / "key_binding.json"),
                    str(CAPABILITY_ANALYSIS_ROOT), str(CAPABILITY_TRANSACTION),
                    str(CAPABILITY_REPORT), str(CAPABILITY_PROBE_ROOT),
                    str(CAPABILITY_PROBE_ROOT / "gen9_staging.json"),
                    str(CAPABILITY_PROBE_ROOT / "gen9_destination.json"),
                    str(NFS_PUBLISHER_TEST_ROOT), str(LOCAL_REJECTION_TEST_ROOT),
            str(predecessor_runtime.ACTIVE_PRIVATE_KEY),
            str(predecessor_runtime.ACTIVE_STATE), str(predecessor_runtime.ACTIVE_NONCE_DIR),
            str(predecessor_runtime.M4_PRIMARY), str(predecessor_runtime.M4_REBUILD),
            str(predecessor_runtime.ACTIVE_RUN_ROOT),
            "/tmp/msae_independent_measurement_v3_gen2_failure_reproduction",
            ("/tmp/msae_independent_measurement_v3_gen2_failure_reproduction/"
             ".venv-atlas/bin/python"),
            "/tmp/msae_surface_probe_check.json", "/tmp/msae_surface_probe_trace.log",
        }
        dynamic_process_mappings = {
            ("scripts/msae_independent_measurement_v3.py", "prescore_traced_check", "subprocess.run"):
                ["/usr/bin/strace"],
            ("scripts/msae_independent_measurement_v3.py", "broker", "os.execve"):
                [str(ROOT / ".venv-atlas/bin/python")],
            ("scripts/msae_independent_measurement_v3_post_m1_runtime.py",
             "_prescore_traced_check_impl", "subprocess.run"): ["/usr/bin/strace"],
            ("scripts/msae_independent_measurement_v3_post_m1_runtime.py", "broker", "os.execve"):
                [str(ROOT / ".venv-atlas/bin/python")],
            ("scripts/msae_independent_measurement_v3_post_m1_runtime.py",
             "_supervise_broker_process", "subprocess.Popen"):
                [str(ROOT / ".venv-atlas/bin/python")],
            ("scripts/msae_independent_measurement_v3_post_m2_gen9_runtime.py",
             "_prescore_traced_check_impl", "subprocess.run"): ["/usr/bin/strace"],
            ("scripts/msae_independent_measurement_v3_post_m2_gen9_runtime.py", "broker", "os.execve"):
                [str(ROOT / ".venv-atlas/bin/python")],
            ("scripts/msae_independent_measurement_v3_post_m2_gen9_runtime.py",
             "_supervise_broker_process", "subprocess.Popen"):
                [str(ROOT / ".venv-atlas/bin/python")],
            ("scripts/msae_independent_measurement_v3_post_m2_gen9_runtime.py",
             "_run_tmux_client", "subprocess.Popen"):
                ["/usr/bin/tmux"],
        }
        dynamic_import_mappings = {
            ("scripts/msae_independent_measurement_v3_post_m1_runtime.py",
             "cpu_no_model_public_entry_trace", "runner_path"):
                ("scripts/run_msae_independent_calibration_v3.py",
                 "scripts/run_msae_independent_calibration_v3.py"),
            ("scripts/msae_independent_measurement_v3_post_m1_runtime.py",
             "_rooted_generic_build_stage_a", "dependency_path"):
                ("scripts/msae_measurement_v2.py", "msae_measurement_v2.py"),
            ("scripts/msae_independent_measurement_v3_post_m1_runtime.py",
             "_rooted_generic_build_stage_a", "builder_path"):
                ("scripts/msae_measurement_remediation_v1.py",
                 "msae_measurement_remediation_v1.py"),
            ("scripts/msae_independent_measurement_v3_post_m2_gen9_runtime.py",
             "_rooted_generic_protocol_config", "builder_path"):
                ("scripts/msae_independent_measurement_v3.py",
                 "scripts/msae_independent_measurement_v3.py"),
            ("scripts/msae_independent_measurement_v3_post_m2_gen9_runtime.py",
             "_rebuild_generic_config_at_synthetic_root", "builder_path"):
                ("scripts/msae_independent_measurement_v3.py",
                 "scripts/msae_independent_measurement_v3.py"),
            ("scripts/msae_independent_measurement_v3_post_m2_gen9_runtime.py",
             "cpu_no_model_public_entry_trace", "runner_path"):
                ("scripts/run_msae_independent_calibration_v3_gen9.py",
                 "scripts/run_msae_independent_calibration_v3_gen9.py"),
            ("scripts/msae_independent_measurement_v3_post_m2_gen9_runtime.py",
             "_rooted_generic_build_stage_a", "dependency_path"):
                ("scripts/msae_measurement_v2.py", "msae_measurement_v2.py"),
            ("scripts/msae_independent_measurement_v3_post_m2_gen9_runtime.py",
             "_rooted_generic_build_stage_a", "builder_path"):
                ("scripts/msae_measurement_remediation_v1.py",
                 "msae_measurement_remediation_v1.py"),
        }
        # The exact canonical paths are enumerated separately in the closure's
        # typed finite-file registry.  Sites bind this registry identifier rather
        # than broad directory prefixes; the behavioral trace checks every observed
        # request against the registry entries.
        dynamic_file_mapping = ["typed_registry:msae_v3_finite_file_registry_v1"]
        path_taking_helpers = _path_taking_local_helpers(root=root)
        while queue:
            relative = queue.pop(0)
            if relative in parsed:
                continue
            path = root / relative
            tree = ast.parse(path.read_text(encoding="utf-8"), filename=relative)
            parsed[relative] = tree
            scopes = [(node.lineno, node.end_lineno or node.lineno, node.name)
                      for node in ast.walk(tree)
                      if isinstance(node, (ast.FunctionDef, ast.AsyncFunctionDef))]
            def enclosing(line: int) -> str:
                candidates = [(end - start, name) for start, end, name in scopes
                              if start <= line <= end]
                return min(candidates)[1] if candidates else "<module>"
            assignments_by_scope: dict[str, dict[str, list[ast.AST]]] = collections.defaultdict(
                lambda: collections.defaultdict(list))
            for assignment in ast.walk(tree):
                if isinstance(assignment, (ast.Assign, ast.AnnAssign)) and assignment.value is not None:
                    targets = assignment.targets if isinstance(assignment, ast.Assign) else [assignment.target]
                    for target in targets:
                        if isinstance(target, ast.Name):
                            assignments_by_scope[enclosing(assignment.lineno)][target.id].append(
                                assignment.value)
    
            def statically_assigned_literals(expression: ast.AST | None,
                                              scope: str,
                                              seen: frozenset[str] = frozenset()) -> set[str]:
                if expression is None:
                    return set()
                if isinstance(expression, ast.Constant) and isinstance(expression.value, str):
                    return {expression.value}
                if (isinstance(expression, ast.Call)
                        and _qualified_call_name(expression.func) in {"Path", "pathlib.Path"}
                        and expression.args):
                    return statically_assigned_literals(expression.args[0], scope, seen)
                if isinstance(expression, ast.Name) and expression.id not in seen:
                    values = (assignments_by_scope[scope].get(expression.id, [])
                              or assignments_by_scope["<module>"].get(expression.id, []))
                    return set().union(*(
                        statically_assigned_literals(value, scope, seen | {expression.id})
                        for value in values
                    )) if values else set()
                if isinstance(expression, ast.BinOp) and isinstance(expression.op, ast.Div):
                    left = statically_assigned_literals(expression.left, scope, seen)
                    right = statically_assigned_literals(expression.right, scope, seen)
                    return {str(Path(a) / b) for a in left for b in right}
                if isinstance(expression, ast.IfExp):
                    return (statically_assigned_literals(expression.body, scope, seen)
                            | statically_assigned_literals(expression.orelse, scope, seen))
                return set()
    
            def assignment_origin_expressions(expression: ast.AST | None, scope: str,
                                              seen: frozenset[str] = frozenset()) -> set[str]:
                if expression is None:
                    return set()
                result: set[str] = set()
                for name_node in (node for node in ast.walk(expression) if isinstance(node, ast.Name)):
                    if name_node.id in seen:
                        continue
                    values = (assignments_by_scope[scope].get(name_node.id, [])
                              or assignments_by_scope["<module>"].get(name_node.id, []))
                    for value in values:
                        result.add(f"{name_node.id}={ast.unparse(value)}")
                        result.update(assignment_origin_expressions(
                            value, scope, seen | {name_node.id}))
                return result
    
            def assignment_origin_string_literals(
                    expression: ast.AST | None, scope: str,
                    seen: frozenset[str] = frozenset()) -> set[str]:
                if expression is None:
                    return set()
                result = {node.value for node in ast.walk(expression)
                          if isinstance(node, ast.Constant) and isinstance(node.value, str)}
                for name_node in (node for node in ast.walk(expression)
                                  if isinstance(node, ast.Name)):
                    if name_node.id in seen:
                        continue
                    values = (assignments_by_scope[scope].get(name_node.id, [])
                              or assignments_by_scope["<module>"].get(name_node.id, []))
                    for value in values:
                        result.update(assignment_origin_string_literals(
                            value, scope, seen | {name_node.id}))
                return result
            dangerous_attributes = (process_calls | file_calls | library_calls | network_calls
                                    | network_leaf_calls)
            dangerous_leaf_names = {value.rsplit(".", 1)[-1] for value in dangerous_attributes}
            call_aliases: dict[str, str] = {}
            module_aliases: dict[str, str] = {}
            for candidate in ast.walk(tree):
                if isinstance(candidate, ast.Import):
                    for alias in candidate.names:
                        head = alias.name.split(".", 1)[0]
                        if head in {"subprocess", "os", "socket", "ctypes", "io", "pathlib", "importlib"}:
                            module_aliases[alias.asname or head] = head
                elif isinstance(candidate, ast.ImportFrom) and candidate.module == "pathlib":
                    for alias in candidate.names:
                        if alias.name == "Path":
                            module_aliases[alias.asname or alias.name] = "Path"
            def normalize_call(value: str | None) -> str | None:
                if value is None:
                    return None
                head, separator, tail = value.partition(".")
                replacement = module_aliases.get(head)
                return f"{replacement}{separator}{tail}" if replacement is not None else value
            for candidate in ast.walk(tree):
                if isinstance(candidate, (ast.Assign, ast.AnnAssign)):
                    value = candidate.value
                    qualified = normalize_call(_qualified_call_name(value)) if value is not None else None
                    if qualified in dangerous_attributes:
                        targets = (candidate.targets if isinstance(candidate, ast.Assign)
                                   else [candidate.target])
                        if len(targets) != 1 or not isinstance(targets[0], ast.Name):
                            raise ValueError(f"indirect dangerous-call alias is forbidden: "
                                             f"{relative}:{candidate.lineno}")
                        call_aliases[targets[0].id] = qualified
                elif isinstance(candidate, ast.ImportFrom) and candidate.module in {
                        "subprocess", "ctypes", "socket", "pathlib", "os", "io"}:
                    for alias in candidate.names:
                        qualified = f"{candidate.module}.{alias.name}"
                        if qualified in dangerous_attributes:
                            call_aliases[alias.asname or alias.name] = qualified
            imports: list[tuple[str, int]] = []
            for node in ast.walk(tree):
                if isinstance(node, ast.Import):
                    imports.extend((alias.name, node.lineno) for alias in node.names)
                elif isinstance(node, ast.ImportFrom):
                    if node.level:
                        raise ValueError(f"relative local import is not supported by frozen resolver: {relative}:{node.lineno}")
                    if node.module:
                        imports.append((node.module, node.lineno))
                elif isinstance(node, ast.Call):
                    name = normalize_call(_qualified_call_name(node.func))
                    planted_probe_scope = (relative in {
                        "scripts/msae_independent_measurement_v3_post_m1_runtime.py",
                        "scripts/msae_independent_measurement_v3_post_m2_gen9_runtime.py"} and
                        enclosing(node.lineno) == "cpu_no_model_public_entry_trace")
                    if isinstance(node.func, (ast.Call, ast.Subscript, ast.Lambda)) and not planted_probe_scope:
                        raise ValueError(f"unresolved dynamic callable is forbidden: {relative}:{node.lineno}")
                    if name in {"eval", "exec", "compile"}:
                        raise ValueError(f"runtime code evaluation is forbidden: {relative}:{node.lineno}:{name}")
                    if name == "getattr":
                        if len(node.args) < 2 or not isinstance(node.args[1], ast.Constant) or \
                                not isinstance(node.args[1].value, str):
                            allowed_dynamic_getattr = {
                                ("scripts/msae_independent_measurement_v3_post_m1.py", "__getattr__"),
                                ("scripts/msae_independent_measurement_v3_post_m1_runtime.py",
                                 "verify_authorization"),
                                ("scripts/msae_independent_measurement_v3_post_m2_gen9_runtime.py",
                                 "verify_authorization"),
                            }
                            if (relative, enclosing(node.lineno)) not in allowed_dynamic_getattr:
                                raise ValueError(f"dynamic getattr dispatch is forbidden: {relative}:{node.lineno}")
                        elif node.args[1].value in dangerous_leaf_names and not planted_probe_scope:
                            raise ValueError(f"indirect dangerous getattr is forbidden: "
                                             f"{relative}:{node.lineno}:{node.args[1].value}")
                    if name in call_aliases:
                        name = call_aliases[name]
                    if name in {"__import__", "importlib.import_module"}:
                        raise ValueError(f"dynamic import is forbidden: {relative}:{node.lineno}:{name}")
                    if name in {"importlib.util.spec_from_file_location",
                                "continuation.source_only_module_spec"}:
                        scope = enclosing(node.lineno)
                        if len(node.args) < 2:
                            raise ValueError(
                                f"dynamic import lacks an exact path argument: {relative}:{node.lineno}")
                        argument_expression = ast.unparse(node.args[1])
                        mapping = dynamic_import_mappings.get(
                            (relative, scope, argument_expression))
                        if mapping is None:
                            raise ValueError(
                                f"dynamic import site lacks an exact mapping: "
                                f"{relative}:{scope}:{argument_expression}")
                        target, required_origin_literal = mapping
                        origin_literals = assignment_origin_string_literals(
                            node.args[1], scope)
                        if required_origin_literal not in origin_literals:
                            raise ValueError(
                                f"dynamic import target origin drift: {relative}:{scope}:"
                                f"{argument_expression}:{sorted(origin_literals)}")
                        dynamic_imports.append({"path": relative, "line": node.lineno,
                                                "operation": name,
                                                "argument_expression": argument_expression,
                                                "assignment_origin_literals": sorted(origin_literals),
                                                "finite_mapping": [target]})
                    leaf = node.func.attr if isinstance(node.func, ast.Attribute) else None
                    helper_leaf = (node.func.attr if isinstance(node.func, ast.Attribute)
                                   else node.func.id if isinstance(node.func, ast.Name) else None)
                    helper_path_bindings = path_taking_helpers.get(str(helper_leaf), ())
                    helper_path_indices = tuple(index for index, _ in helper_path_bindings)
                    category = ("process" if name in process_calls else
                                "file" if name in file_calls or
                                helper_path_indices or
                                (leaf in
                                 {"open", "read_bytes", "read_text", "write_bytes", "write_text",
                                  "unlink", "mkdir", "rename", "replace", "rmdir", "exists",
                                  "is_file", "is_dir", "is_symlink", "stat", "lstat", "iterdir",
                                  "rglob", "glob", "resolve", "ftruncate", "fchmod", "close",
                                  "remove", "chmod", "readlink", "rmtree"}) else
                                "library" if name in library_calls else
                                "network" if name in network_calls or leaf in network_leaf_calls else None)
                    if category is not None:
                        # This one function contains deliberately forbidden calls
                        # executed only after all real surfaces are monkeypatched;
                        # they are behavioral negative fixtures, never allowlist
                        # entries.
                        if planted_probe_scope:
                            continue
                        if name == "os.system" or any(keyword.arg == "shell" and
                                                       isinstance(keyword.value, ast.Constant) and
                                                       keyword.value.value is True
                                                       for keyword in node.keywords):
                            raise ValueError(f"shell expansion is forbidden: {relative}:{node.lineno}")
                        if category == "network" and name == "socket.socket":
                            explicit_unix = (bool(node.args)
                                and isinstance(node.args[0], ast.Attribute)
                                and _qualified_call_name(node.args[0]) == "socket.AF_UNIX")
                            typed_inherited_fd = (not node.args
                                and len(node.keywords) == 1
                                and node.keywords[0].arg == "fileno")
                            if not (explicit_unix or typed_inherited_fd):
                                raise ValueError(
                                    f"non-UNIX network surface is forbidden: {relative}:{node.lineno}")
                        literal = None
                        file_literal = None
                        scope = enclosing(node.lineno)
                        path_argument_index = helper_path_indices[0] if helper_path_indices else 0
                        path_argument: ast.AST | None = (
                            node.args[path_argument_index]
                            if len(node.args) > path_argument_index else None)
                        if path_argument is None and helper_path_bindings:
                            keyword_names = {name for index, name in helper_path_bindings
                                             if index == path_argument_index}
                            matches = [keyword.value for keyword in node.keywords
                                       if keyword.arg in keyword_names]
                            if len(matches) == 1:
                                path_argument = matches[0]
                        if (path_argument is None and category == "file"
                                and isinstance(node.func, ast.Attribute)
                                and not (name or "").startswith(("os.", "io."))):
                            path_argument = node.func.value
                        if path_argument is not None:
                            first = path_argument
                            if isinstance(first, ast.Constant) and isinstance(first.value, (str, type(None))):
                                literal = first.value
                            elif (isinstance(first, (ast.List, ast.Tuple)) and first.elts
                                  and isinstance(first.elts[0], ast.Constant)
                                  and isinstance(first.elts[0].value, (str, type(None)))):
                                literal = first.elts[0].value
                            elif (isinstance(first, ast.Call)
                                  and _qualified_call_name(first.func) in {"Path", "pathlib.Path"}
                                  and first.args and isinstance(first.args[0], ast.Constant)
                                  and isinstance(first.args[0].value, str)):
                                literal = first.args[0].value
                        receiver_literal = None
                        if (category == "file" and isinstance(node.func, ast.Attribute)
                                and isinstance(node.func.value, ast.Call)
                                and _qualified_call_name(node.func.value.func) == "Path"
                                and node.func.value.args
                                and isinstance(node.func.value.args[0], ast.Constant)
                                and isinstance(node.func.value.args[0].value, str)):
                            receiver_literal = node.func.value.args[0].value
                        file_literal = receiver_literal if receiver_literal is not None else literal
                        if (category == "file" and isinstance(file_literal, str)
                                and os.path.isabs(file_literal)
                                and file_literal not in allowed_absolute_file_literals):
                            raise ValueError(f"absolute file literal is outside the typed finite registry: "
                                             f"{relative}:{node.lineno}:{file_literal}")
                        assigned_literals = statically_assigned_literals(path_argument, scope)
                        forbidden_assigned = sorted(
                            value for value in assigned_literals
                            if os.path.isabs(value) and value not in allowed_absolute_file_literals
                        )
                        if forbidden_assigned and not planted_probe_scope:
                            raise ValueError(
                                "dynamic file value has an assigned literal outside the finite registry: "
                                f"{relative}:{scope}:{node.lineno}:{forbidden_assigned}")
                        if category == "process" and literal is not None:
                            if not isinstance(literal, str) or literal not in allowed_process_literals:
                                raise ValueError(
                                    f"process target is outside the static allowlist: "
                                    f"{relative}:{node.lineno}:{literal!r}")
                        if category == "library" and literal is not None:
                            raise ValueError(
                                f"literal dlopen target is outside the distribution/ELF closure: "
                                f"{relative}:{node.lineno}:{literal!r}")
                        finite_mapping: list[Any]
                        if category == "file":
                            finite_mapping = dynamic_file_mapping
                        elif category == "process":
                            finite_mapping = ["typed_registry:msae_v3_finite_process_registry_v1"]
                        elif category == "network":
                            finite_mapping = (["AF_UNIX"] if name == "socket.socket" else
                                              ["typed_registry:unix_socket_path_or_bound_socket"])
                        elif category == "library":
                            if not node.args or not isinstance(node.args[0], ast.Constant) or node.args[0].value is not None:
                                raise ValueError(
                                    f"dynamic dlopen site lacks a finite mapping: {relative}:{node.lineno}")
                            finite_mapping = ["process_global_libc"]
                        else:
                            finite_mapping = dynamic_file_mapping
                        site_payload = {"path": relative, "function": scope,
                                        "category": category,
                                        "operation": name if name is not None else f"<dynamic>.{leaf}",
                                        "receiver_expression": (ast.unparse(node.func.value)
                                                                if isinstance(node.func, ast.Attribute)
                                                                else None),
                                        "argument_expression": (
                                            ast.unparse(path_argument)
                                            if path_argument is not None else None),
                                        "assignment_origin_expressions": sorted(
                                            assignment_origin_expressions(path_argument, scope))}
                        site_id = base.sha_bytes(base.canonical_bytes(site_payload))
                        if category == "file" and file_literal is None:
                            if site_id not in FROZEN_DYNAMIC_FILE_SITE_BINDING_IDS:
>                               raise ValueError(
                                    "dynamic file site lacks a reviewed typed-field binding: "
                                    f"{relative}:{scope}:{node.lineno}:{site_id}")
E                               ValueError: dynamic file site lacks a reviewed typed-field binding: scripts/msae_independent_measurement_v3_post_m2_gen9.py:_source_only_bytes:47:fc487f87e3ffe2ff6c95508dd06238461554747408d99760c6679a17c69d2fa8

scripts/msae_independent_measurement_v3_post_m2_gen9_runtime.py:9930: ValueError
_______ test_tmux_socket_mode_promotion_is_identity_preserving_and_exact _______

    def test_tmux_socket_mode_promotion_is_identity_preserving_and_exact():
        path = Path("/tmp/m9t_" + "f" * 64 + ".sock")
        assert not (path.exists() or path.is_symlink())
        server = socket.socket(socket.AF_UNIX, socket.SOCK_STREAM)
        try:
            server.bind(str(path)); os.chmod(path, 0o600); server.listen(1)
            before = path.lstat()
>           binding = runtime._promote_tmux_socket_mode(path)

tests/test_msae_independent_measurement_v3_post_m9_gen9.py:3227: 
_ _ _ _ _ _ _ _ _ _ _ _ _ _ _ _ _ _ _ _ _ _ _ _ _ _ _ _ _ _ _ _ _ _ _ _ _ _ _ _ 

path = PosixPath('/tmp/m9t_ffffffffffffffffffffffffffffffffffffffffffffffffffffffffffffffff.sock')

    def _promote_tmux_socket_mode(
            path: Path, *, fault_control: Mapping[str, Any] | None = None,
            fault_event_fd: int | None = None,
            fault_event_binding: Mapping[str, Any] | None = None,
            fired: set[str] | None = None) -> dict[str, int]:
        """Descriptor-safely establish the frozen mode-0700 tmux socket."""
        if (path.parent != Path("/tmp")
                or re.fullmatch(r"m7[tx]_[0-9a-f]{64}\.sock", path.name,
                                re.ASCII) is None):
>           raise ValueError("unregistered tmux socket promotion path")
E           ValueError: unregistered tmux socket promotion path

scripts/msae_independent_measurement_v3_post_m2_gen9_runtime.py:19074: ValueError
__ test_gen9_terminal_payload_preserves_two_failed_gen3_invocations_honestly ___

    def test_gen9_terminal_payload_preserves_two_failed_gen3_invocations_honestly():
>       value = runtime._gen3_terminal_payload()

tests/test_msae_independent_measurement_v3_post_m9_gen9.py:4445: 
_ _ _ _ _ _ _ _ _ _ _ _ _ _ _ _ _ _ _ _ _ _ _ _ _ _ _ _ _ _ _ _ _ _ _ _ _ _ _ _ 
scripts/msae_independent_measurement_v3_post_m2_gen9_runtime.py:6473: in _gen3_terminal_payload
    "mechanically_reproduced_source_control_flow": _gen3_control_flow_reproduction(),
scripts/msae_independent_measurement_v3_post_m2_gen9_runtime.py:6385: in _gen3_control_flow_reproduction
    preflight = _verify_historical_preflight_readonly()
_ _ _ _ _ _ _ _ _ _ _ _ _ _ _ _ _ _ _ _ _ _ _ _ _ _ _ _ _ _ _ _ _ _ _ _ _ _ _ _ 

    def _verify_historical_preflight_readonly() -> dict[str, Any]:
        raw = _regular_bytes(PREFLIGHT_FAILURE_PATH, mode=0o644)
        if base.sha_bytes(raw) != HISTORICAL_PREFLIGHT_SHA256:
            raise ValueError("historical preflight digest drift")
        value = base.strict_json_loads(raw.decode("utf-8"))
        if raw != base.canonical_bytes(value):
            raise ValueError("historical preflight canonical bytes drift")
        expected_top = {
            "schema_version", "protocol_id", "generation", "status",
            "reviewed_m2_completion_sha256", "config_entry", "commitment_entry",
            "public_key_entry", "private_key_lstat", "bound_runtime_sha256",
            "failure", "stage_a", "authorization_signature", "model_gpu_tmux",
            "successor_generation",
        }
        if (set(value) != expected_top
                or value.get("generation") != "post_m2_gen1_failed_preflight"
                or value.get("successor_generation") != "post_m2_gen2"
                or value.get("stage_a") != "not_run"
                or value.get("authorization_signature") != "not_created"
                or value.get("model_gpu_tmux") != "not_run"):
            raise ValueError("historical preflight semantics drift")
        for key, expected_path, expected_sha in (
            ("config_entry", V3_CONFIG / "protocol.json", FAILED_M3_CONFIG_SHA256),
            ("commitment_entry", V3_CONFIG / "authorization_commitment.json", FAILED_M3_COMMITMENT_SHA256),
            ("public_key_entry", V3_CONFIG / "ed25519_public.pem", FAILED_M3_PUBLIC_SHA256),
        ):
            entry = value[key]
            current = _regular_entry(expected_path)
            historical_projection = {key: current[key] for key in (
                "path", "type", "mode", "size", "sha256", "verification_action")}
            if (entry.get("path") != expected_path.relative_to(ROOT).as_posix()
                    or entry.get("sha256") != expected_sha
                    or historical_projection != entry):
                raise ValueError(f"historical preflight {key} drift")
        private = value["private_key_lstat"]
        private_path = Path(private["path"])
        st = private_path.lstat()
        observed = {"path": str(private_path), "device": st.st_dev, "inode": st.st_ino,
                    "uid": st.st_uid, "mode": stat.S_IMODE(st.st_mode),
                    "size": st.st_size, "nlink": st.st_nlink, "content_read": False}
        if private != observed:
>           raise ValueError("historical preflight private-key lstat drift")
E           ValueError: historical preflight private-key lstat drift

scripts/msae_independent_measurement_v3_post_m2_gen9_runtime.py:6353: ValueError
_____ test_historical_preflight_verification_has_no_write_or_fsync_surface _____

monkeypatch = <_pytest.monkeypatch.MonkeyPatch object at 0x7586e1d5b140>

    def test_historical_preflight_verification_has_no_write_or_fsync_surface(monkeypatch):
        def forbidden(*_args, **_kwargs):
            raise AssertionError("read-only preflight attempted a write/fsync")
        monkeypatch.setattr(runtime.base, "write_once", forbidden)
        monkeypatch.setattr(runtime.base, "install_json", forbidden)
        monkeypatch.setattr(runtime.os, "fsync", forbidden)
>       value = runtime._verify_historical_preflight_readonly()

tests/test_msae_independent_measurement_v3_post_m9_gen9.py:4468: 
_ _ _ _ _ _ _ _ _ _ _ _ _ _ _ _ _ _ _ _ _ _ _ _ _ _ _ _ _ _ _ _ _ _ _ _ _ _ _ _ 

    def _verify_historical_preflight_readonly() -> dict[str, Any]:
        raw = _regular_bytes(PREFLIGHT_FAILURE_PATH, mode=0o644)
        if base.sha_bytes(raw) != HISTORICAL_PREFLIGHT_SHA256:
            raise ValueError("historical preflight digest drift")
        value = base.strict_json_loads(raw.decode("utf-8"))
        if raw != base.canonical_bytes(value):
            raise ValueError("historical preflight canonical bytes drift")
        expected_top = {
            "schema_version", "protocol_id", "generation", "status",
            "reviewed_m2_completion_sha256", "config_entry", "commitment_entry",
            "public_key_entry", "private_key_lstat", "bound_runtime_sha256",
            "failure", "stage_a", "authorization_signature", "model_gpu_tmux",
            "successor_generation",
        }
        if (set(value) != expected_top
                or value.get("generation") != "post_m2_gen1_failed_preflight"
                or value.get("successor_generation") != "post_m2_gen2"
                or value.get("stage_a") != "not_run"
                or value.get("authorization_signature") != "not_created"
                or value.get("model_gpu_tmux") != "not_run"):
            raise ValueError("historical preflight semantics drift")
        for key, expected_path, expected_sha in (
            ("config_entry", V3_CONFIG / "protocol.json", FAILED_M3_CONFIG_SHA256),
            ("commitment_entry", V3_CONFIG / "authorization_commitment.json", FAILED_M3_COMMITMENT_SHA256),
            ("public_key_entry", V3_CONFIG / "ed25519_public.pem", FAILED_M3_PUBLIC_SHA256),
        ):
            entry = value[key]
            current = _regular_entry(expected_path)
            historical_projection = {key: current[key] for key in (
                "path", "type", "mode", "size", "sha256", "verification_action")}
            if (entry.get("path") != expected_path.relative_to(ROOT).as_posix()
                    or entry.get("sha256") != expected_sha
                    or historical_projection != entry):
                raise ValueError(f"historical preflight {key} drift")
        private = value["private_key_lstat"]
        private_path = Path(private["path"])
        st = private_path.lstat()
        observed = {"path": str(private_path), "device": st.st_dev, "inode": st.st_ino,
                    "uid": st.st_uid, "mode": stat.S_IMODE(st.st_mode),
                    "size": st.st_size, "nlink": st.st_nlink, "content_read": False}
        if private != observed:
>           raise ValueError("historical preflight private-key lstat drift")
E           ValueError: historical preflight private-key lstat drift

scripts/msae_independent_measurement_v3_post_m2_gen9_runtime.py:6353: ValueError
=========================== short test summary info ============================
FAILED tests/test_msae_independent_measurement_v3_post_m9_gen9.py::test_gen9_reviewed_authority_constants_and_public_entry_are_exact
FAILED tests/test_msae_independent_measurement_v3_post_m9_gen9.py::test_gen9_changed_region_manifest_is_structural_and_rejects_unregistered_drift
FAILED tests/test_msae_independent_measurement_v3_post_m9_gen9.py::test_changed_regions_descriptor_embeds_exact_reconstructable_manifest
FAILED tests/test_msae_independent_measurement_v3_post_m9_gen9.py::test_changed_regions_publisher_round_trip_uses_recoverable_nfs_transaction
FAILED tests/test_msae_independent_measurement_v3_post_m9_gen9.py::test_failed_gen7_payload_is_honest_typed_and_independently_reconstructed
FAILED tests/test_msae_independent_measurement_v3_post_m9_gen9.py::test_containment_attempt_and_case_journal_schemas_are_exact
FAILED tests/test_msae_independent_measurement_v3_post_m9_gen9.py::test_containment_pass_report_requires_complete_ordered_cases_and_zero_tripwires
FAILED tests/test_msae_independent_measurement_v3_post_m9_gen9.py::test_gen2_failure_payload_records_only_independently_reproduced_claims
FAILED tests/test_msae_independent_measurement_v3_post_m9_gen9.py::test_failed_gen2_is_wrapped_in_gen9_without_cross_generation_write
FAILED tests/test_msae_independent_measurement_v3_post_m9_gen9.py::test_legacy_whole_file_delta_is_dead_and_structural_manifest_is_authority
FAILED tests/test_msae_independent_measurement_v3_post_m9_gen9.py::test_closure_registry_contains_every_gen9_review_and_failure_input
FAILED tests/test_msae_independent_measurement_v3_post_m9_gen9.py::test_persisted_m2_completion_round_trip_is_verifiable
FAILED tests/test_msae_independent_measurement_v3_post_m9_gen9.py::test_static_closure_semantically_rejects_literal_and_unregistered_dynamic_file_sites
FAILED tests/test_msae_independent_measurement_v3_post_m9_gen9.py::test_static_closure_rejects_indirect_helper_keyword_and_assignment_path_bypasses
FAILED tests/test_msae_independent_measurement_v3_post_m9_gen9.py::test_static_network_closure_includes_bound_unix_socket_methods
FAILED tests/test_msae_independent_measurement_v3_post_m9_gen9.py::test_static_dynamic_imports_have_exact_site_specific_targets
FAILED tests/test_msae_independent_measurement_v3_post_m9_gen9.py::test_static_value_flow_ledger_closes_caller_argv_and_helper_return_bypasses
FAILED tests/test_msae_independent_measurement_v3_post_m9_gen9.py::test_static_ledger_self_exclusions_are_syntactically_inert
FAILED tests/test_msae_independent_measurement_v3_post_m9_gen9.py::test_cpu_no_model_trace_executes_every_public_entry_and_planted_tripwires
FAILED tests/test_msae_independent_measurement_v3_post_m9_gen9.py::test_cpu_trace_validator_rejects_process_registry_substitution
FAILED tests/test_msae_independent_measurement_v3_post_m9_gen9.py::test_candidate_projection_contains_every_protected_predecessor_path
FAILED tests/test_msae_independent_measurement_v3_post_m9_gen9.py::test_tmux_socket_mode_promotion_is_identity_preserving_and_exact
FAILED tests/test_msae_independent_measurement_v3_post_m9_gen9.py::test_gen9_terminal_payload_preserves_two_failed_gen3_invocations_honestly
FAILED tests/test_msae_independent_measurement_v3_post_m9_gen9.py::test_historical_preflight_verification_has_no_write_or_fsync_surface
24 failed, 161 passed, 1 deselected in 164.22s (0:02:44)
exit_code=1

===== gen9_publisher =====
argv: /usr/bin/env -i PATH=/usr/bin:/bin HOME=/thayerfs/home/f004ndc LANG=C.UTF-8 LC_ALL=C.UTF-8 PYTEST_DISABLE_PLUGIN_AUTOLOAD=1 /jumbo/lisp/f004ndc/experiments/wip/MSAE/.venv-atlas/bin/python -B -I -m pytest -q -p no:cacheprovider tests/test_msae_independent_measurement_v3_post_m9_gen9.py::test_nfs_publisher_fault_matrix tests/test_msae_independent_measurement_v3_post_m9_gen9.py::test_local_mount_rejection_precedes_protocol_mutation
..                                                                       [100%]
2 passed in 2.47s
exit_code=0
